0.000197509061801398,0.0532059136255332,0.0193923793250762,0.0318525513002706,0.0637204381429233,0.032760883560639,0,0.000162897620818084,0,0,0.0102429745536164,0,0.041968138763935,0.133090208188755,0,0.0554288264927376,0.91759694366597,0.000118288935383604,0,7.0088126476309e-05,0.000358086921537494,0.0579875564152252,0.046712144831844,0,0.00258521126599466,0.010080482209108,0.372741180044589,0.137761632716173,0.0168544986787332,0.00548783695478659,0
0.00020000083550537,0.0785230216273363,0.0206437155270188,0.0342492566234927,0.0882976068440794,0.0373344148665398,0,0.000197401447147934,0,0,0.0120964493200886,0,0.056802033050783,0.165224081946592,0,0.0564311703507403,0.723439020645475,0.0001329327161224,0,7.65166530842775e-05,0.000360900668100025,0.0727589876498383,0.0482744625560798,0,0.0025331994397215,0.00941333770623256,0.453052434924175,0.184899223989439,0.0201801381619869,0.00601703541090772,0
0.000193484925951755,0.0498387113318693,0.0203409289359589,0.0335925782840741,0.0563126635633296,0.037207416391605,0,0.00018281410297348,0,0,0.0117989981988201,0,0.0367372576260138,0.110012592618071,0,0.0577888870353468,0.71582975937654,0.000129521781065895,0,7.65877027489293e-05,0.000333798849047002,0.0748540974566602,0.0465749710167179,0,0.00255264940639474,0.00909807736809711,0.297218323575455,0.12646495443256,0.0204318069309033,0.00600745450112536,0
0.000219452771627773,0.0748436851573838,0.0217867543726006,0.0329796070005927,0.0836886991064835,0.034367250863313,0,0.000187529724720222,0,0,0.0119276791848377,0,0.0532211937964412,0.145401234623423,0,0.0598531443712048,0.636495264891654,0.000159379979142647,0,7.63396999268341e-05,0.000361028660764126,0.0854484535311932,0.0494178914455289,0,0.00270346355582481,0.00887946015783288,0.434798697259334,0.208548881856725,0.02114140946171,0.00654136063096875,0
0.000219746930005611,0.0485244337695933,0.0229510909761896,0.032351695956315,0.0569352725825178,0.0334909682328645,0,0.000183158303875988,0,0,0.0116989858462475,0,0.0356366143189435,0.0950558000414617,0,0.0569845586389723,0.633255026645626,0.000152152312129246,0,7.49368635427351e-05,0.000339211092315445,0.0838717232852788,0.0494136991099855,0,0.00272162010002175,0.00871162251387293,0.282352421423402,0.142756361293444,0.0206142770269581,0.00621054318981003,0
0.000249901797004224,0.0682036029489082,0.0242764573092678,0.0363458004571927,0.0806926728125425,0.0359745262479915,0,0.000215445806102641,0,0,0.0119448785531591,0,0.0458234525320734,0.137510240305622,0,0.0557047023485098,0.67204947021608,0.000137861721207716,0,6.58259797652989e-05,0.00033310039599722,0.102251667825566,0.0495006306223824,0,0.00310684436153236,0.0106816680052443,0.419441253103506,0.221359975521119,0.0208007571517203,0.00661298063136032,0
0.000241108711730696,0.04275276713094,0.0235630821244328,0.0363890463303254,0.0547906851121689,0.0348019735856665,0,0.000210621656011626,0,0,0.0118635030294355,0,0.0307175876398511,0.0907839413422788,0,0.0570315888104359,0.683194861593941,0.00013593317063523,0,6.39710989743803e-05,0.000337312494563898,0.101795371665446,0.0464254169557154,0,0.00297272485865901,0.00979492985161275,0.277583244514973,0.156079659212223,0.018844577300454,0.00645300207831876,0
0.000250615994123018,0.0576756325640514,0.0235283460007871,0.0416508230291027,0.0763900265802525,0.0420412535016288,0,0.000192935445400894,0,0,0.0102925535319061,0,0.0439781592945279,0.110593315748495,0,0.0595328576973338,0.705271735393462,0.000133799663047659,0,6.15660975157888e-05,0.00033736290802454,0.0968011656113116,0.0453549527673079,0,0.00298307938601881,0.00935532991990826,0.462902900266169,0.240536970143885,0.0175522462381962,0.00594793513719163,0
0.000232758887940943,0.0382388636843682,0.0227524093841477,0.0413739389966511,0.0535764505861915,0.0428161045239862,0,0.000180350738904185,0,0,0.010339644041394,0,0.0284913393784493,0.0729509202920565,0,0.062597242507603,0.665557178801649,0.00013316074744836,0,5.96584862958688e-05,0.000318907027439004,0.0921307852066659,0.0435318215305948,0,0.00294508331581383,0.00956864403929538,0.321152122207692,0.166013122879497,0.0158708135648891,0.00558502034285597,0
0.000236214057126753,0.0498624293375672,0.0208098711081483,0.0422486638035238,0.0835622197395313,0.048440867741294,0,0.000207908866541538,0,0,0.0110805722147337,0,0.0412566859900862,0.0927011611417477,0,0.0664011053482729,0.718372778011669,0.000149346168685463,0,6.36862612253089e-05,0.000330974870291207,0.0989989501753678,0.0422110804199334,0,0.00266912187132417,0.011428163251123,0.511903265719883,0.227114271315244,0.0152660987327465,0.00532376262192681,0
0.000220144936068282,0.0336395176124741,0.02125128490074,0.0407560429862951,0.0576763128127373,0.047562231373774,0,0.000202405694527537,0,0,0.010259870002299,0,0.0276771119730567,0.0637341452958567,0,0.0692463800624736,0.727783335107984,0.000145028493504138,0,6.21425326855209e-05,0.00031559771490424,0.092030624106847,0.0390700865240882,0,0.00262222652276635,0.0112136404564465,0.33450612766295,0.148008083653834,0.0145520664581467,0.0050170570215889,0
0.0002179315738271,0.0548367102610073,0.0220783549256142,0.0348062342976045,0.089884281868323,0.0555223363721479,0,0.000219081885298606,0,0,0.0100132562736391,0,0.0411278190426614,0.0972442823336323,0,0.0715876443606497,0.791230861682809,0.000133104474552056,0,6.56341797491503e-05,0.000305764379581175,0.0880164885304943,0.0331748564597845,0,0.00291086208076554,0.0118730862930737,0.509057618699208,0.204307780673827,0.0160521677688889,0.00532823164630853,0
0.000213938834688866,0.0372086549133576,0.0218199710882888,0.0348916054629805,0.0612046969720344,0.0517154773140032,0,0.000209059071113825,0,0,0.00968212882210762,0,0.0274842421809672,0.0641191265487555,0,0.068465159407683,0.760917053272731,0.00013508512774644,0,6.1822218905045e-05,0.000283126931427753,0.0845080211792853,0.0293154366053643,0,0.00286973458955772,0.0124464875866478,0.344907099149827,0.138010579613468,0.0148390160342368,0.0049709590319709,0
0.00023040676510792,0.0508289612596164,0.0209485019015036,0.0349427517097458,0.111193661952131,0.0578835362065642,0,0.000213363194620195,0,0,0.00852387511271775,0,0.0386513505724692,0.0912142454713033,0,0.0683689113727652,0.784898025920607,0.000134228672856321,0,5.72024976381907e-05,0.000286174121952667,0.0718228907511159,0.0268924287761444,0,0.00281513576454879,0.0128504661490716,0.491921894300297,0.188717574356326,0.0167503201556576,0.00521334734099129,0
0.000216785559937771,0.0376303897063721,0.0215186261618646,0.0353678626558009,0.0748600221209285,0.0568104447687116,0,0.000211381159746662,0,0,0.00809335953618588,0,0.0258600069172942,0.0653689325761734,0,0.0696255022057799,0.757761010616786,0.00013077923544184,0,5.67721882315369e-05,0.000278946179229831,0.0656521330484877,0.0260489390339773,0,0.00279316867214272,0.0128916167951543,0.333419441051651,0.126448497770689,0.0158208928469713,0.00499903553177481,0
0.000229655378218751,0.0603108806025865,0.024820631243174,0.0355633571038277,0.0915949558073273,0.0594745364615201,0,0.000198762231854948,0,0,0.00717650310279962,0,0.0336688185926611,0.0923845399446642,0,0.0701218109406933,0.786696879851414,0.000122636727416398,0,5.95463627266648e-05,0.000281601518052095,0.0740695846153273,0.0260628983677621,0,0.00274567694780667,0.0149898808846524,0.529596810217595,0.176873500601963,0.0155643627750246,0.00452930033503013,0
0.000229958809697931,0.0422857888660835,0.0250355111900711,0.0350451381303637,0.0603355816959772,0.0591786582902011,0,0.000190059771913107,0,0,0.00681377256064837,0,0.0230508700415899,0.0637277017902971,0,0.0693751631533778,0.78154624212968,0.000121512921753605,0,5.96739578554599e-05,0.000265958468747806,0.0668111104168556,0.0250082279420403,0,0.0026677507306924,0.0148364537611789,0.350945691956698,0.113571700647584,0.014195114899007,0.00440561100171674,0
0.000216276317549383,0.0609702349781326,0.0240581465673946,0.0428697880777442,0.0763721375161894,0.0559497625450895,0,0.000175477305233364,0,0,0.00659050993474369,0,0.032275181426761,0.0959150107354567,0,0.0679375910980776,0.815931560970633,0.000104793297364112,0,5.43812909933203e-05,0.000270192870203857,0.0678015431944895,0.025649990818452,0,0.00315040540143395,0.0163628879360042,0.557210438880965,0.176342382002796,0.0157032894798497,0.00412813779755257,0
0.000210729358987094,0.042895457177582,0.0238039882025194,0.0418857320314811,0.0519524062868424,0.0569229034355906,0,0.000167217554723317,0,0,0.00596885609126449,0,0.0228654189826192,0.0651532470860805,0,0.06714252046938,0.794937046974759,0.000100181862960874,0,5.29153492547624e-05,0.000261577276319682,0.0656746931442782,0.024568872125501,0,0.00312963647450268,0.0160896247223487,0.377429439056666,0.11477414769955,0.0144286525085787,0.00399850058921892,0
0.000188326444218231,0.0711280264317827,0.0225671883786034,0.0411593701752052,0.0758436097688498,0.0505213303886899,0,0.000184264140677532,0,0,0.0056285690138194,0,0.0349848368165857,0.110049478253175,0,0.0659116452638115,0.918195736735831,9.74812168147767e-05,0,5.54882346740074e-05,0.000271086359059372,0.0637367194704773,0.0254579825343043,0,0.00336185585280325,0.0183718311563482,0.513905315375496,0.145946999274924,0.0163327444027871,0.00371403651808516,0
0.000174110236389291,0.0502696964448922,0.022067917606446,0.0408548110935485,0.052217344938265,0.0458606109038704,0,0.000182624991981341,0,0,0.00520665983428569,0,0.0229044406629367,0.0791447759065426,0,0.0641906188406559,0.881890195716706,9.58297483850807e-05,0,5.53532079861048e-05,0.00026234374868136,0.0616795303415571,0.0232070461288822,0,0.0031774769814748,0.0184011859028791,0.364503780941276,0.0994823783592933,0.0158301431804868,0.00373947280606296,0
0.00016760828431828,0.0786624526684156,0.0243454285335478,0.0407528890165424,0.0886708498459056,0.038632252511179,0,0.00019436600400138,0,0,0.00492806510431188,0,0.031810489727724,0.126388006275363,0,0.0697481328172684,0.93426760594205,0.000102902432002175,0,5.12823641298065e-05,0.000270496127778642,0.062552659224925,0.021729210975762,0,0.00296068663725465,0.0187196281860702,0.469623269080519,0.15376559231042,0.0190447409376257,0.00408359670189054,0
0.00017705057031661,0.0541397646817736,0.0238677160372449,0.0394017561855086,0.0639902107756078,0.0365422367216299,0,0.00018596235266403,0,0,0.00482555155284961,0,0.0222129565861541,0.0890343889560962,0,0.0661906375076243,0.925458278086617,9.71386691262163e-05,0,5.3047785363883e-05,0.000270923186656213,0.0610275899130061,0.0215936537783618,0,0.00273687174839139,0.0191183601589663,0.319748424029878,0.10937000041474,0.0197584709753206,0.0040203526074283,0
0.000186022595684295,0.0771802424846262,0.0238257370316869,0.0393329553318557,0.087058694975612,0.0356632783552409,0,0.000205338790984627,0,0,0.00438770535705917,0,0.0295672628150381,0.136393520737563,0,0.0690492014634769,0.963144361166432,9.05344030871395e-05,0,5.46345471169104e-05,0.000274672944385503,0.0745896934609216,0.022800424345793,0,0.00261851088323545,0.0181096513738516,0.496357570712471,0.157482515568564,0.0221551232043561,0.0043632321381766,0
0.000182785208208901,0.0527736379809147,0.024063840498544,0.0375053043145676,0.0547255043872786,0.0335666947110846,0,0.000186416619499197,0,0,0.00420210730962816,0,0.0195405503658538,0.0954218117951153,0,0.066211973575861,0.933146012621164,8.65321755693291e-05,0,5.33793307987671e-05,0.000260915645934401,0.0740001239193375,0.0220352671436543,0,0.0025959486386924,0.0175271249423,0.331951119378341,0.102705278212583,0.021852052871791,0.00436218680520467,0
0.000194620702926447,0.0758412968618912,0.0247734861851869,0.0336326446567146,0.0811465723347664,0.0350721613958806,0,0.000198203144371953,0,0,0.00496476481217571,0,0.0319813914574566,0.170707367374552,0,0.0669151779657913,1.02026840162496,9.24653212598475e-05,0,4.99793130123045e-05,0.000293020339972224,0.0718464236047901,0.0235213645194234,0,0.00271026282201185,0.0166528864995347,0.442748341131869,0.140378363492021,0.0232436510598845,0.00390322157502161,0
0.00019421367764878,0.0532928078009294,0.0247865506189532,0.033144550113972,0.0561750702921967,0.0337636259160657,0,0.000191686270940937,0,0,0.00490508179004261,0,0.0229198194919746,0.119359431114287,0,0.0645217025686812,0.973681332317375,9.28797281154155e-05,0,5.14734676887317e-05,0.000278014445393841,0.0678632904704611,0.0218520828941934,0,0.00263078167622981,0.0165840606658404,0.315078703980086,0.0978914100526156,0.0222337231737111,0.00380496525096892,0
0.000203929166402039,0.0854753881461836,0.0245108859932578,0.0378618651414927,0.0856503982471311,0.0307298853945221,0,0.000195028713683831,0,0,0.00559345857886572,0,0.0355815881497608,0.177322235885391,0,0.0740508435480917,1.06288541714783,9.32145968033465e-05,0,5.64412267406172e-05,0.000268697823173547,0.0652118787690276,0.0244434186819418,0,0.00288556537200172,0.0155453802494901,0.436838889415132,0.148590380718352,0.0241191345533036,0.00388069424759436,0
0.000200347667909545,0.0603159078434552,0.0236863376210907,0.0332256764516803,0.0572456045139429,0.0296488110438044,0,0.000188726960065893,0,0,0.00559671308657026,0,0.0247133120570469,0.125441040546306,0,0.0753805208064595,1.05949400295792,8.89631147798082e-05,0,5.32240195847401e-05,0.000262840007897916,0.0617468012400647,0.0232742896656574,0,0.00290344911675083,0.0153876991658996,0.293416030141827,0.10149669941356,0.0248211504767018,0.00381127945950282,0
0.000204413233183419,0.085132235315446,0.0231488217508719,0.0359477554449386,0.0684240142014115,0.0309646837740801,0,0.000208578668791091,0,0,0.00632770151294651,0,0.0367564489010582,0.199870559556583,0,0.0698759419629071,1.12571116802487,9.14932679201236e-05,0,5.17642513538312e-05,0.000274536224137321,0.0678371525706385,0.0276328222654292,0,0.00308592196429138,0.01604027659634,0.396005882694087,0.146697103417811,0.0328814324119424,0.00346255880284151,0
0.000197520314353222,0.0580924554875084,0.0221744152666504,0.035115788753338,0.0441653609750813,0.0305670421689589,0,0.000199272102030612,0,0,0.00598276358533174,0,0.0259433894498781,0.138862799541395,0,0.0702003987098965,1.11021710022556,8.4200515570446e-05,0,5.01584299616998e-05,0.000262024902021055,0.0659725451936555,0.0271212702308768,0,0.00301946383072717,0.0162462873187639,0.268476581709868,0.102872568066467,0.0315718564847445,0.00350296179494756,0
0.000203389060721888,0.0838556723406527,0.0232331608066558,0.0351511971890891,0.0568887551507405,0.0306137056118486,0,0.000202504468350051,0,0,0.00626904371673701,0,0.0376844738430956,0.216244639864285,0,0.0721840869328281,1.26449153279351,8.35758960170716e-05,0,5.0000747046689e-05,0.000250491488204059,0.0680323458255792,0.0282560346853017,0,0.00274127290940394,0.0143804264763232,0.3842735764696,0.14415073572405,0.0332845118166481,0.00408409181894571,0
0.000208755828505789,0.0579495714538652,0.022948541594205,0.0344978510895539,0.0382649832997513,0.0297486040778963,0,0.000191586324227113,0,0,0.00637178890904318,0,0.0258704862337438,0.152618100591508,0,0.0718705460452796,1.18305222034264,7.76973218959205e-05,0,4.84514760271219e-05,0.00023828060691189,0.0700289317327568,0.0283732464227903,0,0.00259650932155091,0.0142893753584989,0.277183466989646,0.101431563016018,0.0331012579247317,0.0039151368530502,0
0.000254808452422348,0.0657385256433246,0.0236095624201933,0.0372484327022714,0.055682484666127,0.030019057896128,0,0.000182774431227918,0,0,0.007961656614459,0,0.0365203320329043,0.236624133325294,0,0.0748421248200219,1.17865557020175,7.83580476806326e-05,0,4.79077876733816e-05,0.000272347475684075,0.0777149888910753,0.0329576650755516,0,0.0024651128469718,0.0134484268577312,0.358922123428991,0.150054444171018,0.0379444618708375,0.00372076932938833,0
0.000248818097894109,0.0435660804030508,0.0233609058101434,0.0359197474469831,0.0382426862326732,0.0274631363510374,0,0.000177495309121622,0,0,0.0074432084367077,0,0.0266433127213985,0.169855087796112,0,0.0752232046382587,1.10900356913907,7.56010451826715e-05,0,4.82805908774439e-05,0.000288678772800213,0.0771962409061248,0.0324996071574782,0,0.00240260421465685,0.0128232413850366,0.244682464314,0.106866204945221,0.0368949059386092,0.00373293652898082,0
0.000260721693901063,0.0597858453266424,0.0240868844557001,0.0353557378716342,0.0572984047319822,0.0274592714913443,0,0.000175565591393629,0,0,0.00768607241707427,0,0.0389831624225939,0.270004755667589,0,0.0822810048632481,1.13010363823283,7.95984773049801e-05,0,5.46456655861598e-05,0.000313472277201471,0.0850095750566144,0.0351302060163189,0,0.00252586517598871,0.0135505491245631,0.386512988877833,0.145849275569198,0.0314916778378254,0.00373419793409131,0
0.000267981372795458,0.038389508993654,0.0234195333757347,0.0346587561345433,0.0410084876873634,0.0257484892231467,0,0.000177855614986457,0,0,0.00735797079929068,0,0.0268230868209424,0.183660059575347,0,0.0800091183156556,1.03853213866572,7.87597516406961e-05,0,5.46043734034307e-05,0.000318185987048011,0.082732678490942,0.0359052528926479,0,0.00239085374848383,0.0133272006671092,0.273733044618699,0.0957193455315383,0.0273976268533465,0.00364154524385055,0
0.000297970058603544,0.0506543537947076,0.0198752215012107,0.0362573011107788,0.0609494883332008,0.0270903756999794,0,0.000190390967779374,0,0,0.00849339283648364,0,0.0349886067803971,0.295656439271655,0,0.0804724203052469,1.11879907418008,6.83145557654183e-05,0,5.67001785041282e-05,0.000355453586800678,0.0928006029608387,0.038439435043402,0,0.00258441904635685,0.0118332377419094,0.360641363262224,0.138739728278385,0.0273024270090924,0.00451019025630747,0
0.0002930676192528,0.0354963796220622,0.0194664948502488,0.0341206953416981,0.0402344546507444,0.0259497903988409,0,0.000193106603419607,0,0,0.00865661181956675,0,0.0248220644514742,0.198786055970792,0,0.080717261969686,1.05802442450515,6.83420697264982e-05,0,5.73478093572088e-05,0.000365802297150928,0.0914424478115854,0.0386835048146402,0,0.00247866804624231,0.0121045192774728,0.25446911016029,0.0971705214766429,0.0248377830634601,0.00451599244763167,0
0.000284851969263136,0.051682007275524,0.0180845899332959,0.0323315884858438,0.0580489724889848,0.0272331366089081,0,0.000181439343377354,0,0,0.00961679669590371,0,0.0321253534072518,0.266174715829282,0,0.0700716683386394,1.08676080818532,6.7407813416608e-05,0,5.86860128660109e-05,0.000424958409052052,0.0956014664980178,0.0423532335356849,0,0.0025296004534997,0.011541366828605,0.361668347432652,0.158253619849457,0.0237263344707309,0.00520901149485302,0
0.000291041850492707,0.0344656158384191,0.0176115564844533,0.0299692712990078,0.0398619330909256,0.0263122438750655,0,0.000173507400867001,0,0,0.0100158937017048,0,0.0222839346553595,0.182305501301263,0,0.0702772567045933,1.05287820179776,6.58239499940626e-05,0,5.83372312793092e-05,0.000425170142191633,0.0947472505616505,0.0417727931862569,0,0.00236210937220142,0.0113198004012868,0.247812456540927,0.112312811254166,0.0213017061025104,0.00497110170431767,0
0.000281583735651875,0.0503857919403975,0.0151090597924106,0.027291780674016,0.0565489460547804,0.0270540168819254,0,0.00017534527008689,0,0,0.0119289182996464,0,0.0312635643517828,0.27546805325343,0,0.0729723962152133,1.18982538218576,6.13989155051388e-05,0,6.91522596528345e-05,0.000482468030187683,0.0906683464215828,0.051280902646437,0,0.00227780038740226,0.0106848034386041,0.334986901998103,0.151010845332487,0.0208955009824135,0.0052649964760146,0
0.000285723319145878,0.0363370796278254,0.0139369335043541,0.027080274850052,0.0388201802778325,0.0261378990821697,0,0.000163889968939694,0,0,0.0119104542049879,0,0.0212869871544749,0.18322892898814,0,0.0717236716530298,1.16447553890168,5.61744151187654e-05,0,6.89874067000549e-05,0.000481588122406693,0.0915153507702623,0.0521750743396835,0,0.00213708254942706,0.0101472226955767,0.232392488660256,0.107333924051665,0.0196706958794896,0.00523643062759009,0
0.000271275599668669,0.0551956894507079,0.0149444246067806,0.0356958137378992,0.0637655311509524,0.0266242320757615,0,0.000141671579399614,0,0,0.0155271704501674,0,0.0348410027192493,0.271285368221101,0,0.0670319462207232,1.16229936811682,6.37768279988989e-05,0,8.09966327554956e-05,0.000503025077398956,0.0914175322466977,0.0595952977619363,0,0.00203854308151086,0.00932028107232937,0.349671872405549,0.134683781688299,0.0220254314820388,0.00552389793038957,0
0.000274664306951866,0.0362542405361823,0.0140916289531444,0.0352657791449728,0.0442225227470987,0.0260912607210194,0,0.000131193087082813,0,0,0.0151137900200624,0,0.0244756829758871,0.180140169407518,0,0.0638461042808289,1.16926354251426,6.22361902040683e-05,0,7.95997296521163e-05,0.00049109469605797,0.0934896558138033,0.057228783281597,0,0.00192613134863676,0.00890273177594973,0.24966749027244,0.0970714678674183,0.0200363515665884,0.00535451840378423,0
0.00028124447840759,0.0560985519233406,0.0122933050696247,0.0398414383195158,0.0648365301951261,0.025820924149404,0,0.000144871203285416,0,0,0.016169811109846,0,0.0394931821380209,0.206430387717209,0,0.0694133384577349,1.10969897448908,6.19722330146767e-05,0,8.57820898781622e-05,0.000451835218674631,0.100657181583359,0.0711040794422462,0,0.00186719191126711,0.0102279939814059,0.363128120297489,0.140435224806708,0.0199104639592163,0.00538738078304625,0
0.000291881506577032,0.0380462227230026,0.0119433423076479,0.0387736884534847,0.0489236658400459,0.025978342122246,0,0.000142212853414274,0,0,0.0161221505999425,0,0.0282196600557256,0.145071208944578,0,0.0651632515287673,1.05857147998627,5.98910447748068e-05,0,8.30396247030536e-05,0.00043562116669742,0.101599769503745,0.0715644916979508,0,0.00171026698063078,0.0102202434398238,0.257314163341531,0.10383334966663,0.0194059105591103,0.00521862699232062,0
0.000341693541494072,0.0570157464851154,0.0114375940912692,0.040135832167233,0.0693968790765851,0.0272628095254981,0,0.000170943512328962,0,0,0.017509851344985,0,0.0401478077589698,0.166432577756817,0,0.0683747690281348,1.11602048063479,6.30371342334362e-05,0,7.84875725030571e-05,0.000418356642649346,0.111889426273523,0.0727114072156167,0,0.00198423920590712,0.010459318291731,0.407341866980579,0.153870606371586,0.0185876701573576,0.00476966335710623,0
0.00034554707501453,0.0403294654858686,0.0109215669522059,0.0395183138089285,0.0486125812266275,0.0260944807597868,0,0.000169271317201744,0,0,0.01656149647623,0,0.0287537128763153,0.108147162146018,0,0.0669074139160346,1.08110999443766,6.19100052317104e-05,0,7.59805266218289e-05,0.00041631343385172,0.104322860949835,0.0702568549706205,0,0.00196684958050294,0.00993679080046508,0.282398792032257,0.11511270953925,0.0169801696478258,0.00465803371332026,0
0.000376607264232987,0.0682453445122275,0.00961532642133068,0.0383330189358205,0.0726434530236407,0.0259198649181026,0,0.000171850983336853,0,0,0.0169378873602825,0,0.0388156971321775,0.139877210528654,0,0.0650295217644072,1.16826616580926,5.41047925365508e-05,0,7.40808568750119e-05,0.000448018299104793,0.100528966919637,0.0729370989737572,0,0.00229706604628719,0.0116465211059979,0.404696022965792,0.185403461321328,0.0156675653739594,0.00429523964555061,0
0.00036436758369173,0.0496569191503834,0.00957965295587726,0.039510025544131,0.0514263740396802,0.0253986422954227,0,0.00016031636836426,0,0,0.016615626762351,0,0.0261718629508441,0.0946795516254126,0,0.0651335099573796,1.0575002653534,5.22446027678527e-05,0,7.65804418254777e-05,0.000435049659350242,0.094609216731376,0.06868606472869,0,0.00228028677076945,0.0111149064711241,0.288204802462583,0.130735012416321,0.0147419289567995,0.00422922974659352,0
0.000323271660257053,0.0667398736887384,0.0103966732253747,0.0371267571721051,0.0820309419245263,0.0264247964086469,0,0.000163921161199018,0,0,0.014036144786398,0,0.036796407707056,0.112024896170611,0,0.0683751777857141,1.06127435682799,4.83551655205454e-05,0,9.11443520412466e-05,0.000443896337919014,0.100463279407902,0.0749446428967763,0,0.00236612777230248,0.0116677501239318,0.478275065836059,0.19367080025274,0.0143429274889861,0.00452132641476796,0
0.000317874126015954,0.0443757016254181,0.0103063061595616,0.0358578537376867,0.0562596850419282,0.0251316929017377,0,0.000153629772505549,0,0,0.0136404822491658,0,0.0248901263284247,0.0766442554656015,0,0.0654403739064442,1.03223295322701,4.64660362579279e-05,0,8.86323085560844e-05,0.000425054734478992,0.0930942548470235,0.0663858111442958,0,0.00224628783879831,0.0114220286816818,0.31151125085163,0.130985437333287,0.0139842449597107,0.00417783017426216,0
0.000358299538136895,0.0661620932298485,0.0112010258376032,0.0389434720492741,0.0828828465435458,0.028700915619735,0,0.000160141822645599,0,0,0.0126796610060761,0,0.0324333513558587,0.0964490738007059,0,0.0659883902643342,1.25486842287211,4.95995799924401e-05,0,8.44346301639031e-05,0.000428261198885866,0.104720110562994,0.0645811067734388,0,0.00277808111814683,0.0103349578849486,0.440604020184525,0.196997990224842,0.0128731522650415,0.00397287120192908,0
0.000353054855601242,0.0483078592537029,0.0106647710921135,0.0400761217527221,0.0595446791326548,0.0279965426895623,0,0.00016162243319891,0,0,0.0118177997742086,0,0.021534218402945,0.0626614081362135,0,0.0641450820189099,1.17590339102587,4.79179778733466e-05,0,8.20552381821264e-05,0.00041315555629225,0.0985416759181177,0.0634647219733052,0,0.00274387612779836,0.0107027689624602,0.294886785618849,0.1398364638005,0.0127847610041415,0.00377861866166268,0
0.000372388051954678,0.0714938646694633,0.0108574502569385,0.0414439290625823,0.0867085863645975,0.0278312901123891,0,0.000169619637368619,0,0,0.0109149761726476,0,0.0290418184583033,0.0778181762885504,0,0.0683724365819783,1.2810083799166,4.89132972398151e-05,0,7.29542770039662e-05,0.000396858938799238,0.0903001409504231,0.0673042337520068,0,0.00331087274602391,0.00960241276780627,0.449688017794964,0.180207905603418,0.0121274030775381,0.00346092436478083,0
0.000361528256487233,0.0516552003464339,0.0114376807244388,0.0432203222363041,0.0604552892061093,0.0268679017613793,0,0.000166979947715882,0,0,0.0105133278984288,0,0.0207306437890175,0.0545698088337356,0,0.0687064460023785,1.24176280564898,4.84478769095711e-05,0,7.2937588558999e-05,0.000380906903945923,0.0860045227288335,0.0622043084677119,0,0.00317400257614339,0.00930734639571287,0.307043833095613,0.127046323309249,0.0111417355062727,0.00341111196973952,0
0.000354741595556189,0.070963826431643,0.0127313785774916,0.041418428878268,0.0869613890084238,0.0309838075539213,0,0.000159342119924668,0,0,0.010076825913927,0,0.0333422362072672,0.0749754019041726,0,0.0603391196163532,1.29345490793497,4.92670192407607e-05,0,7.21694583343799e-05,0.000382864165401802,0.080726024000182,0.0630172707891545,0,0.00299008266661853,0.00934898285789728,0.441483199322677,0.181593341862886,0.011186496763506,0.00382432272954251,0
0.000341950757740861,0.0512584779438555,0.0127868260030759,0.0413919415798325,0.0619903623027812,0.0297673246952992,0,0.000152657488650683,0,0,0.0094720933303045,0,0.0237747373376951,0.051825490250332,0,0.057243079245647,1.24507450770064,4.89139433402571e-05,0,6.81664073931179e-05,0.000352413141544071,0.0783886640515424,0.0565339916831092,0,0.00305437884331745,0.00948327019674928,0.306412067326035,0.125614031880322,0.0110400064712761,0.00362563378171812,0
0.0004252599010554,0.0822148612251331,0.0139643053631351,0.0425006373012843,0.105764070200166,0.0284445968744146,0,0.000144396868727153,0,0,0.0107940861388511,0,0.0344814147614276,0.0718716347144444,0,0.058879178718502,1.22895372371981,5.1763586195204e-05,0,6.73704717350615e-05,0.000329414501701077,0.0715364453026335,0.0515227318356287,0,0.00328517480795396,0.00908934268268281,0.436974118226605,0.178691423923549,0.0112048142478171,0.00396050969475683,0
0.000397277714974074,0.0588227625410654,0.0132584950620386,0.0423549248794117,0.074750258540096,0.0279587666360491,0,0.000136387587371932,0,0,0.0102593753355492,0,0.0239711452219089,0.0513245299948893,0,0.0567916069579999,1.23612473298617,5.0142714411654e-05,0,6.652385306862e-05,0.000329429713378347,0.0671309827981508,0.0484216112571981,0,0.00316257791419701,0.00884409961074501,0.299994536771154,0.122260417266999,0.0108058567444601,0.00365012746702528,0
0.000371823866916045,0.0948208359843644,0.0138391151306321,0.0469626747142141,0.105443465850329,0.0337825897239505,0,0.000121560077679638,0,0,0.00937745098565527,0,0.0302573077954528,0.0817139008871346,0,0.0532257958218498,1.19515258882436,5.08503452693564e-05,0,6.82993081941516e-05,0.000290993574614718,0.0697809728906461,0.0439876023378165,0,0.00318929773376098,0.00977800734802278,0.401879362735994,0.201311485989126,0.0114697080591009,0.00323990225736407,0
0.000355135893955143,0.0671751114925001,0.0139445445869475,0.0464638736374027,0.0733025922394641,0.0310801639518959,0,0.000116237806107998,0,0,0.00861136461965838,0,0.0205603239335201,0.058998366137467,0,0.0575171417041477,1.14114882321416,4.72051181059922e-05,0,6.69275012436162e-05,0.000261799300256241,0.0637500279420275,0.0402659045701085,0,0.00312145772554452,0.00973045654015317,0.28527594511965,0.137850546507834,0.0118015423289534,0.00304386956747396,0
0.000344237341057234,0.111220321912702,0.0164065188443684,0.0437506823697293,0.100166650348227,0.0366941477819963,0,0.000121919726770703,0,0,0.00750060457766239,0,0.0297592772376643,0.0867430628595443,0,0.0600870181794073,1.18412334109919,4.98610594822467e-05,0,5.5209561411314e-05,0.000262934088615862,0.0529869860888641,0.04048634899842,0,0.00298300159763417,0.00895508042172017,0.439795733391778,0.195417830020591,0.0140314449664214,0.00261723821798591,0
0.000328363525367802,0.0780186336240074,0.016532550476537,0.0439394061160693,0.0659957787252918,0.0347306175886192,0,0.000115787223988885,0,0,0.00717152063808568,0,0.020370143641406,0.0605731264937985,0,0.0611441816966677,1.13236529491375,4.99129363854747e-05,0,5.38636864978275e-05,0.000253468095061324,0.0487425070313461,0.0392002190565703,0,0.00303489068346247,0.00893583101643851,0.306792157707625,0.127523553339746,0.0146210890944315,0.00255359411976343,0
0.000328360773579431,0.121192768469498,0.0157115927080892,0.0448189648497157,0.088797997959309,0.0372118045170556,0,9.28580711722958e-05,0,0,0.00601963017680791,0,0.0291690166435869,0.11220275300462,0,0.0568292948619344,1.26824501168293,4.93484057687658e-05,0,5.08455574495105e-05,0.000243965992038327,0.042653045889985,0.0351958920732994,0,0.00322914708182685,0.0100178740164967,0.446814459683614,0.168166509534068,0.019669077207649,0.00298431771731298,0
0.000303734646715343,0.085121634457587,0.0149167026006317,0.0440526546146014,0.0600683783206111,0.0358297940566974,0,9.10277038655064e-05,0,0,0.00596462625494046,0,0.0203547365792713,0.0819609984154705,0,0.055731679096929,1.22862182447695,4.72220133122936e-05,0,5.07154163141502e-05,0.000230264475329839,0.0408465313385582,0.0334940654666668,0,0.0031336589807113,0.00961582406491833,0.293189059236601,0.111302107174405,0.0190215573429553,0.00301144228373959,0
0.000312072022717617,0.118705300839081,0.0169705001515249,0.0451951621163568,0.0830853401527286,0.0303149482045955,0,9.70118548003905e-05,0,0,0.00577281794484799,0,0.0301577913832462,0.123868130160279,0,0.0484603772068867,1.37027250682566,4.31595996146873e-05,0,5.24716526239034e-05,0.00023987811400869,0.0415302303864934,0.0369251758953182,0,0.00312924430507774,0.00954905514261434,0.398472584129091,0.165568990633745,0.0200757615355538,0.00296046626924449,0
0.000307292599641505,0.0854361104659141,0.0161022074885182,0.0443754419783658,0.0567776274412758,0.0297131381961615,0,9.25080782272732e-05,0,0,0.00535862308596294,0,0.0209461269319338,0.0898423082090231,0,0.0463004354605967,1.35197538853885,4.21313565197061e-05,0,5.29775716474665e-05,0.000228620855560564,0.0406140996254562,0.0351849026533554,0,0.00301318135021284,0.00931985078017582,0.271200814482119,0.111280975041433,0.0200474964766927,0.00277611232987218,0
0.000365697467079726,0.120520140238624,0.0166345069218074,0.0478358527858772,0.0775875648272421,0.026945500123493,0,9.68022078466699e-05,0,0,0.00689692568458701,0,0.0304065482471108,0.168983460667874,0,0.0500079927469885,1.37294077359108,4.10022796270597e-05,0,5.72741093869177e-05,0.000225022029495188,0.0394860061636944,0.0363339074068255,0,0.00250552156615566,0.0104146599412189,0.380981123104579,0.143597300800071,0.0283761254011142,0.00266035268856437,0
0.000345441203346215,0.0830559696790961,0.0161143494760662,0.0471933950980129,0.0523055579897763,0.0260026801510006,0,9.13528307570229e-05,0,0,0.00661547247863028,0,0.0221635499610427,0.120690173919415,0,0.0500772386257955,1.28971877354961,3.85558162694675e-05,0,5.62489612874428e-05,0.000203668357090959,0.0378158932654022,0.0368749517985097,0,0.00233680649270072,0.0103515255803107,0.266836753852572,0.101518923840536,0.0295581375717696,0.00262625684038721,0
0.00031946715648485,0.104362047533267,0.017900406419166,0.0433731071885194,0.0748318697435883,0.0254601128971075,0,8.55878494428109e-05,0,0,0.00660303356903095,0,0.0318954286089673,0.201165249148461,0,0.0536979954839294,1.27988986546751,3.93955121509617e-05,0,6.02800606243958e-05,0.000209414427918282,0.0462210960564861,0.0399140946644004,0,0.00224596324804508,0.0105619111847626,0.37775675569484,0.152539431112523,0.0410675081897284,0.00278557243552962,0
0.00032019038492174,0.0662032439256148,0.016847005768216,0.041870475203144,0.0514227094614943,0.0232338559787141,0,8.0907225800417e-05,0,0,0.00650709543016868,0,0.0219874601800317,0.141278913116629,0,0.0523879794694612,1.27606459300466,3.91017079089369e-05,0,5.91036950727967e-05,0.000205367668032769,0.0449827505089795,0.038569288563551,0,0.0021703521141443,0.0100785666161485,0.26028628302621,0.104718265146526,0.0389520478796367,0.0026791493513225,0
0.00033336066223179,0.0930033929782672,0.017387105127379,0.0392530275847422,0.0700708521296089,0.0222991869261946,0,9.607483023025e-05,0,0,0.00678370690948397,0,0.0336367327245786,0.234042610743038,0,0.0503247016603226,1.47377963476924,3.94013712572841e-05,0,6.05896126603461e-05,0.000217642421580402,0.0521589821183156,0.0446938239064343,0,0.00222802374592679,0.00992888837227161,0.31648426798452,0.157311640884168,0.0374214895737636,0.0025455570319576,0
0.000329742954099546,0.0600730561334153,0.0166897533726961,0.040192147764962,0.0480203448193174,0.02063006419088,0,9.19513352410133e-05,0,0,0.00661749413463162,0,0.0235960520572486,0.169491363224007,0,0.0484866721710279,1.46694409084315,3.89474602205378e-05,0,6.12358796090312e-05,0.000217735718006469,0.0491018870935572,0.0428718380443147,0,0.00218985165722066,0.00966112734450386,0.21339165498581,0.108467344571039,0.0365984780568114,0.00245780085607003,0
0.0003637836932523,0.0757705268511788,0.0175769561598652,0.0416871329455093,0.0662091667432181,0.0206366844880241,0,9.14021191578295e-05,0,0,0.00704605676882278,0,0.0376405597902955,0.299412417319318,0,0.0416188979405856,1.49428741842273,3.49553148664862e-05,0,6.5282520669059e-05,0.000231027492547837,0.0535363255587858,0.0497688209150728,0,0.00246300318488179,0.00911965218005277,0.273381608456312,0.16597780171533,0.0384361255633905,0.00272499224267469,0
0.000368650595599899,0.0486474550832682,0.0166274479143881,0.0402519318580658,0.0457671239018663,0.0190218091651774,0,8.8148019538432e-05,0,0,0.00703930713901446,0,0.0256351284983488,0.213311727389902,0,0.0419781759593793,1.37451818248218,3.43528723009362e-05,0,6.36183957245787e-05,0.000221867589346758,0.0563871988969228,0.0495600391808878,0,0.00233366391323,0.00855593736802834,0.181152093316854,0.114721500263461,0.0373606325370078,0.00271585792424722,0
0.000435405351199501,0.0671544434790212,0.0157344937627758,0.0343329836299101,0.0739937905844867,0.0187009275719597,0,8.78448013888966e-05,0,0,0.00786611660984765,0,0.0378399265559945,0.304333746415277,0,0.0372695882260316,1.40457986962,3.35642275032768e-05,0,7.36942984647348e-05,0.000246301764912436,0.0574255579473306,0.0604756184984411,0,0.00211010010199022,0.00926680742494893,0.247100098241835,0.181343663606944,0.0376728699118189,0.00312094330665192,0
0.000431234327706197,0.0425907833869668,0.0146424166593514,0.0337263457524525,0.05118380937964,0.018347152805276,0,7.98977168082063e-05,0,0,0.00766279645333742,0,0.0261070377816364,0.227216663081152,0,0.0369325597276228,1.4005107157487,3.2421240387784e-05,0,7.59360794086011e-05,0.000248937749428154,0.0568838832556965,0.0616807044718038,0,0.00204597206618284,0.00874937588900705,0.171154355642071,0.126329260964483,0.0367227115016608,0.00302574514272804,0
0.000428966191192516,0.047239583717802,0.0154711899593935,0.0344640962040071,0.0756200056021956,0.019643765349724,0,8.29227693490512e-05,0,0,0.00839621701230246,0,0.0372256629395574,0.326255296167626,0,0.0322021524989113,1.46614666395473,3.19583563881785e-05,0,7.18250924386812e-05,0.000275646994538249,0.071761002681823,0.0858122873708847,0,0.00228971247957811,0.00861060507499726,0.237112429538587,0.185624911906927,0.0406018389739036,0.00288263790562064,0
0.000411292014919862,0.0311701159567382,0.0143748818106471,0.0339042688761383,0.0521612149762925,0.0188597085872531,0,7.76418137352545e-05,0,0,0.00871167511214772,0,0.0265508356054003,0.215956125826249,0,0.0321134929106954,1.40180522310544,3.22193397411948e-05,0,7.03853940864353e-05,0.000268121361441115,0.0698953883520627,0.0877685600502557,0,0.00221402980547789,0.00851866312466788,0.166999881438753,0.131308525781862,0.0365182291808099,0.00285932735811277,0
0.000496606845851319,0.0385986270337133,0.0163851115488647,0.0279222401160401,0.0700189528006991,0.0205618285498313,0,8.02642816662337e-05,0,0,0.0088885615796233,0,0.0398752176318498,0.316550363672906,0,0.0264609987350728,1.58437453604916,3.02200284569196e-05,0,7.20280404778261e-05,0.000274670757796924,0.0726647606704175,0.10070131730782,0,0.00255865493364253,0.00773709876273237,0.229880506755829,0.191870950715276,0.0323313575040333,0.00297480286389164,0
0.000490721058807668,0.0263473200726161,0.0151331622371583,0.0273296836014793,0.0494385357870573,0.0211326734016266,0,7.87724373582586e-05,0,0,0.00902958806283299,0,0.0278178150097885,0.214460761838732,0,0.0258923003063923,1.56204685896846,2.90242995898753e-05,0,6.88315664248546e-05,0.000274699986624106,0.0699315954433966,0.104305289634473,0,0.00246424369502843,0.00743616553605301,0.165698559030599,0.135429343281892,0.0295519676793006,0.00296735136973471,0
0.00048380403251576,0.0367106993378756,0.014599616843801,0.0262310434311238,0.0731847046936526,0.0225203991540953,0,8.21440575412851e-05,0,0,0.0112858369528032,0,0.0400911112006991,0.279924960981321,0,0.0223496184288372,1.65474236387273,3.05073739543397e-05,0,7.42519692107176e-05,0.000321372633419625,0.0748049565859203,0.115733700014121,0,0.00277973815943809,0.0067568586908021,0.255436985981172,0.199184202196754,0.0252656402172345,0.0029872839207899,0
0.000484970553145551,0.0249817976234242,0.014149910272528,0.0255705248363067,0.052477943147576,0.0203233650356649,0,7.78689944891591e-05,0,0,0.0109718099796619,0,0.0289762776606116,0.188294582179097,0,0.0217177476782459,1.59601587186123,3.01284677199078e-05,0,7.30976004134075e-05,0.000327158081902089,0.0750723156075591,0.110003661198542,0,0.00269378635731299,0.00636312964236039,0.18520101692814,0.134324695940394,0.0230727284619373,0.00295390588155532,0
0.00047586846661539,0.0367332892372759,0.0123637500165649,0.0248886512572605,0.075085488204845,0.0195190677021556,0,7.15846218951038e-05,0,0,0.0136298629223343,0,0.0458902182421616,0.273298240696276,0,0.0220770256130854,1.47224943794877,2.84817422113741e-05,0,8.11512279814065e-05,0.000336291781465527,0.0690849262462398,0.112937880493646,0,0.00292790689416932,0.00573564830186906,0.286670823979885,0.195760406815178,0.0223240615883093,0.00278392473211824,0
0.000463566856376842,0.0260910303351454,0.0116818763293911,0.0251457732940754,0.0554363118649248,0.0193381058670988,0,7.23732581982419e-05,0,0,0.0133041316391391,0,0.0321612186392121,0.181464542328489,0,0.0209092017422563,1.47244302161561,2.81981780805266e-05,0,8.33902565665541e-05,0.000333927609144901,0.0675958813396615,0.111568335336399,0,0.00278879808115851,0.00543794773899684,0.195049647985377,0.138100590938235,0.0192506202399488,0.00285558659064922,0
0.000398459799889255,0.0350840414643063,0.0124990409710058,0.0222736319931087,0.0847101792557593,0.0200830416066953,0,7.03954241177954e-05,0,0,0.0149939175488995,0,0.0404124429194981,0.260593914340941,0,0.0201974020241776,1.44203573808705,2.71292257177189e-05,0,8.94230537905572e-05,0.000368796700877888,0.0776734468491911,0.117126516707484,0,0.00320565443261262,0.0057603247209949,0.305620047598086,0.206660453214851,0.0162179328798115,0.00305134825446612,0
0.000392658586802202,0.0237111501494092,0.0119329765407443,0.0214413142991684,0.0595280922891376,0.0193133036046162,0,6.62375404143963e-05,0,0,0.0145050279744675,0,0.0276878865393452,0.168365944941877,0,0.0208463484675697,1.37455449048381,2.57866007970842e-05,0,8.63417486653063e-05,0.000375517635700387,0.0763912127309336,0.115093946631107,0,0.00321429628181543,0.00561203853782972,0.212118769638063,0.145186378567579,0.014901308956333,0.00297566524476549,0
0.000382566704650047,0.0352383191227949,0.0124904256914123,0.0198214435703459,0.082389648069739,0.0217412376796332,0,6.89086092465179e-05,0,0,0.0184826218499454,0,0.0445544131804657,0.197606188890786,0,0.0222609886781857,1.39521725219261,2.59730416441347e-05,0,8.59100422538025e-05,0.00037890960553074,0.0760091132490692,0.114097876918031,0,0.00366726900589931,0.00486057229398237,0.25796185005456,0.207149508910007,0.0117802558041737,0.00331666591793839,0
0.000371033605515708,0.0262548193214116,0.0116610242189745,0.0190686011595004,0.0590561487374978,0.0211422740010378,0,6.44283990536109e-05,0,0,0.0177055954717209,0,0.0326472386344723,0.13601531735641,0,0.0224152039669755,1.36185883292114,2.51128656457152e-05,0,8.52297862711576e-05,0.000369233967560266,0.0743110009132007,0.108473975969357,0,0.00351419731903946,0.00437203472922696,0.186225149964316,0.152220232389844,0.0105809302308272,0.00318420012326373,0
0.000366927705936688,0.0402874619275396,0.0122955752156596,0.0193473704508385,0.085470065411429,0.0250538124176621,0,6.88123148502664e-05,0,0,0.0178182645123068,0,0.0475218917768278,0.166754307735353,0,0.0226649637940603,1.44283966532661,2.49377176124419e-05,0,8.60064336550559e-05,0.000398561300241191,0.0679449659527411,0.11792364603619,0,0.0038825574667634,0.00402221656385909,0.287528320089809,0.239888625030372,0.0103321113848518,0.00318366553743925,0
0.000370595559524824,0.0282364642163935,0.0119999678196905,0.0187294298870293,0.0605840722824614,0.0254058979363434,0,6.71507286547098e-05,0,0,0.0171775847327214,0,0.0325042155244535,0.112067106632574,0,0.0226843484314152,1.43320069196615,2.37123523837553e-05,0,8.34199254512336e-05,0.000391070693458873,0.0681807298739013,0.112725466207422,0,0.00388644995354904,0.00399486976082281,0.2092268211772,0.171158479305946,0.00939670721340523,0.00288798670531872,0
0.000386371099857007,0.0388899495444689,0.0135987818403632,0.018835975170974,0.0896307710538049,0.0269833272270285,0,6.34490829758808e-05,0,0,0.0164008020766544,0,0.0440822528675433,0.170666050492489,0,0.0205323114004968,1.4245957118511,2.52960793522874e-05,0,7.8767609942824e-05,0.000406088445995637,0.0624503725370741,0.106608808287922,0,0.00446964446619527,0.00425800002701331,0.273795912111247,0.260773343536757,0.00759372283138171,0.00308173432790283,0
0.000367885220401316,0.0294764413750293,0.0127704878659917,0.0178949070098134,0.0647028081658967,0.0273179939546963,0,6.20728529195606e-05,0,0,0.0155060650378957,0,0.0300278016749488,0.118603243792288,0,0.0199235638341879,1.44308971378958,2.39319122470798e-05,0,7.96173710738246e-05,0.000409838530643748,0.059343003393281,0.0988491492898215,0,0.0043877513258983,0.00400862469604736,0.188841654561881,0.185569669767928,0.00681757804992513,0.00305588030046826,0
0.000382211550787744,0.0507529505624488,0.0133079136711083,0.0187066851136994,0.096922657889843,0.0329432840556589,0,6.09951712303873e-05,0,0,0.0149414429241609,0,0.0417082868028801,0.150774042886869,0,0.0197568572521735,1.40678771544749,2.38050771718742e-05,0,8.81088877155889e-05,0.000410828505777116,0.0635618824221092,0.106498331880615,0,0.0050962912001783,0.00402303447746994,0.294966876632356,0.278910167180487,0.00679816552043902,0.00346733195221826,0
0.00039021412181659,0.0350995007619386,0.0130104718519296,0.0189518530513062,0.0681441933661797,0.031783151360023,0,6.03239740282685e-05,0,0,0.0137096655261364,0,0.0285433098734159,0.0992763702880135,0,0.0195555843951247,1.34004256199631,2.31715319540537e-05,0,8.60328849401412e-05,0.000405443789665748,0.0624605876679106,0.101641291972733,0,0.005146796579167,0.00373909329133684,0.205259074904285,0.191061597458017,0.00632855570460412,0.00356597437952724,0
0.000395809745377007,0.0606445705097713,0.0142790857790939,0.0171099100310055,0.106342889835932,0.0356890842731285,0,5.54958043205535e-05,0,0,0.0125118151871064,0,0.0421349235132,0.122371216991612,0,0.0212455604538003,1.4253087240576,2.05364456661963e-05,0,9.29050115570301e-05,0.000484705351502353,0.067485566299813,0.0882371863944391,0,0.00573835667527732,0.00370513656699513,0.287829063139182,0.25351032822025,0.00591004530066173,0.00326091734664831,0
0.00038843174549964,0.0448839256825941,0.0139269014706809,0.0170857038573348,0.076170947947623,0.0356385648227658,0,5.33189749686736e-05,0,0,0.0118683453998419,0,0.0312427784189101,0.0832075462695804,0,0.0217087991309603,1.36830127127882,2.09409129307785e-05,0,9.20720007098558e-05,0.000478453786425709,0.0672703057037333,0.0832819212052134,0,0.00553910585942404,0.00366003533621994,0.205932385548219,0.179439288427252,0.00555623940632385,0.00324283860054342,0
0.000395377224368762,0.0741106754515575,0.0147302800428487,0.0167863223656989,0.129872818549718,0.0370618811248338,0,4.61767669315288e-05,0,0,0.0124770999073255,0,0.0452210136974039,0.133765189928116,0,0.0230846239400053,1.48047591229477,2.4036420713847e-05,0,9.68078924850483e-05,0.00045531467195744,0.0587942387576028,0.0717780531976171,0,0.00670929958572275,0.00350690322796737,0.28796237339249,0.249849051324774,0.00624814821396204,0.00326493589089457,0
0.000395892254208774,0.0534306278530409,0.0150595089862466,0.0156591845377808,0.0914217302616635,0.0385452747532667,0,4.51403773799629e-05,0,0,0.011563344222891,0,0.0296798507702242,0.0914021809519937,0,0.0228238923629012,1.4708307189888,2.32078902142106e-05,0,9.10445027219918e-05,0.000435652833978432,0.0596135029245954,0.0657382911743533,0,0.00694038935655361,0.00349501908304951,0.205247040869002,0.170304004794822,0.00624838045666583,0.00303547201432168,0
0.000374895361430915,0.0923615844912086,0.0177449516929601,0.0133860042393024,0.126129803670573,0.0382027776340904,0,5.04161714052515e-05,0,0,0.0107939736588493,0,0.0455361599083848,0.140213451925755,0,0.0194846056660318,1.43297557395649,2.4314973233573e-05,0,8.17165669142047e-05,0.000401209097317468,0.0573374679478495,0.0680610280226831,0,0.00703602593871144,0.00382054491829126,0.292511402403876,0.227046415354526,0.00692352521715208,0.00326103561213845,0
0.000367090111893514,0.0654458179180074,0.0181922329475557,0.0128136678097426,0.0884761084918066,0.0378249587942626,0,4.90353439882562e-05,0,0,0.0102718857340643,0,0.0304183091327794,0.0978790941237036,0,0.0196609373923933,1.3417335943248,2.40724190821955e-05,0,7.89706891365775e-05,0.000375142208813858,0.0555306744848479,0.0627513782281807,0,0.00680432994775047,0.00374977728754433,0.200164368345345,0.158059765231385,0.00693450995962478,0.00311983653184171,0
0.000386206666077575,0.0966353068279696,0.0184517727905179,0.0131906622609668,0.144018680376847,0.042005279710378,0,4.83908707110658e-05,0,0,0.0117989998469505,0,0.0438990539088256,0.139668119831204,0,0.019944201754089,1.13539260686357,2.32950774089612e-05,0,8.05273189424389e-05,0.000379585407201858,0.0672809194375538,0.0749757753428978,0,0.00733987612800666,0.00390748516632814,0.326732039238689,0.211724413842888,0.00824196344297879,0.00336795212921505,0
0.000404279648632659,0.0663725020729323,0.019201305038491,0.0127419730044483,0.0963724977146617,0.0404072103692966,0,4.58254141699413e-05,0,0,0.0114525615973214,0,0.0311480774278683,0.0936409372193243,0,0.0207639111659428,1.07920166968676,2.28905366558804e-05,0,7.98232885104053e-05,0.000383809715408054,0.0667601564531558,0.0740066559263059,0,0.00710371200986926,0.0038479985963216,0.221114018593545,0.144270395337608,0.0081630015664936,0.00341759765606644,0
0.000334332937885004,0.0924839064984225,0.0209470811556729,0.0115574558000075,0.146079637328201,0.0431320389035602,0,4.71017612614699e-05,0,0,0.0130541596979133,0,0.0437900856805996,0.14473644508222,0,0.0194991240220106,1.1863056893133,2.2030959420438e-05,0,9.00390556113244e-05,0.000361860447218264,0.0631621852629851,0.0677817116780048,0,0.00734427458280245,0.00320065086555404,0.348324965555109,0.184038733329015,0.00985764454022923,0.00391079923606421,0
0.000329777030708259,0.0658903417037331,0.0207531771137187,0.0110247804015542,0.0974597278197186,0.0427574258369765,0,4.51702499700363e-05,0,0,0.012443935844611,0,0.0322392424128939,0.0961760425398227,0,0.0181889802682578,1.08672752327103,2.03337576721038e-05,0,8.71205401569156e-05,0.000351917908496823,0.0595456429366793,0.065473475838872,0,0.00662717276607528,0.00317677148443307,0.237668362348362,0.129485454938192,0.00967828597823561,0.00375506493418883,0
0.000342764285972436,0.0938495802577936,0.020460953218492,0.0096874960902595,0.141851840360821,0.0490237100606729,0,4.17326321213511e-05,0,0,0.0112218827205302,0,0.0415816681886452,0.140548794754343,0,0.0167247549488799,1.1642933592899,1.81640559014763e-05,0,8.95805480057963e-05,0.000412712977083502,0.0586745207508019,0.06423558304469,0,0.00715238533108533,0.00332675857417933,0.341881414781481,0.165589453861449,0.0113810620785847,0.00353675581998878,0
0.0003248864164843,0.0650918190485509,0.0213877791695841,0.00907343454163693,0.0970654384336643,0.0458904631462423,0,3.96718703116819e-05,0,0,0.0104713767831964,0,0.0294403840319034,0.100961547058991,0,0.0164201902456482,1.10927251647048,1.76577261766602e-05,0,8.99827822630453e-05,0.000395369994767169,0.0581348568872566,0.0606228674612265,0,0.00682265336325599,0.00331066721258761,0.233815512006086,0.111880289307637,0.0113005123158634,0.00336033006768329,0
0.000328353281049573,0.102054465899041,0.0201588606243598,0.00954900591366215,0.119526124962531,0.047696033847643,0,3.87065375127555e-05,0,0,0.0103141440643538,0,0.0464842366438766,0.145543812527712,0,0.0160324699947593,1.10164945231357,1.80657450572377e-05,0,8.6090296403973e-05,0.000392439685072632,0.0581140855370404,0.0620246033270467,0,0.00734159905343051,0.00306711875847286,0.356484132602934,0.15994277193302,0.0136388510602407,0.00342311284382685,0
0.000326070714000385,0.071832273369553,0.0217014480559912,0.00907835873020134,0.0819209597841651,0.0475852945122926,0,3.69833761034591e-05,0,0,0.00983577066059118,0,0.0313605517631134,0.100885285344277,0,0.0159590145031522,1.04491724077935,1.76288010636785e-05,0,8.68356441509419e-05,0.00039243836644144,0.0546216679713842,0.0597795900416471,0,0.00707282582882598,0.00303635923878077,0.25589313566536,0.111395446180114,0.0145909544620784,0.00328989512176625,0
0.000283977046373459,0.0979938579794249,0.020822467973629,0.00982920552577521,0.11152008238911,0.0481658369253226,0,3.71638330750951e-05,0,0,0.00942286279013087,0,0.0465660273916462,0.134856030702002,0,0.01546191275626,0.997458134440728,1.76315014677778e-05,0,7.87854658631954e-05,0.000423569971360638,0.0579314122238927,0.0564136964724151,0,0.00830710787297625,0.00295960429455049,0.47821699856005,0.141627108219214,0.0162293367162055,0.00349691275481526,0
0.000285028694573824,0.0650950630831013,0.0218925329179572,0.00985727994024103,0.0710242486131192,0.0475388806212576,0,3.60646016323761e-05,0,0,0.00938948018925347,0,0.0309331515878503,0.0903198956351946,0,0.0157695344941978,0.977550424796013,1.73896929678833e-05,0,7.7609754235531e-05,0.000395089841098009,0.0532171675679529,0.055880068209618,0,0.00846656864241952,0.00290058835578445,0.322371855346053,0.0946194768803077,0.0152016694046474,0.0033822699549115,0
0.000273320013195572,0.0800745015109075,0.0251530258195439,0.00915381847582192,0.103762892031939,0.0520541863009005,0,3.65074192709877e-05,0,0,0.00847627785490529,0,0.0553295000267679,0.134571783350994,0,0.0170295500894219,0.868349867705929,1.88398518951948e-05,0,7.62914225749304e-05,0.000428612407605357,0.0620635369581909,0.0632662117787042,0,0.00874397633925673,0.00315291274048727,0.506079280105498,0.136478698130636,0.0184895619862738,0.00364562738141799,0
0.000258605974561615,0.0522579843905897,0.0260982844843656,0.00880767332162934,0.0670400904832329,0.0494247519951352,0,3.61455584866208e-05,0,0,0.0078982941808777,0,0.0374467863190977,0.0871024874526568,0,0.0169784012697562,0.846524624469352,1.87420380109924e-05,0,7.27789825279629e-05,0.000414190799896028,0.0602869253812188,0.0617677380296461,0,0.00848113077019059,0.00319788069061022,0.345626677029248,0.0925277203380269,0.0176481165459278,0.0034488584355672,0
0.000224534637519794,0.0736978746083717,0.027467870390713,0.00919499262935071,0.0990693469821546,0.0518611201852182,0,3.94863183619578e-05,0,0,0.00770669242985088,0,0.0480545875615313,0.132485664954874,0,0.0171535357935285,0.812845644295063,2.11007751195671e-05,0,6.82147015207504e-05,0.000492559762487139,0.0573718085631896,0.0632345589597375,0,0.00805189234240214,0.00360688989405503,0.508402398317404,0.121503360583866,0.0171600626687559,0.00345663857779184,0
0.000215079330271931,0.0478739422846195,0.027075330346131,0.0091285778816757,0.0665932224003571,0.0491172414402574,0,3.77025675123739e-05,0,0,0.00733970873449248,0,0.0313859350010497,0.0873268611248768,0,0.0173172598672308,0.775748416073338,2.0678175128978e-05,0,6.61527846326317e-05,0.000480740242294059,0.0548995144992143,0.0573609606763893,0,0.00786148012714894,0.00353038296945818,0.348339938765443,0.0817859762668758,0.0160604262298318,0.00333126066636865,0
0.00020433103661648,0.0660067394987218,0.0284434695499749,0.00830486247815054,0.0823375656847772,0.0622210504318665,0,3.55982074246368e-05,0,0,0.00723050894567682,0,0.0531240162128038,0.127713227196253,0,0.0170538800574919,0.812143469488991,2.34962713342229e-05,0,7.15989360369284e-05,0.000507674766587233,0.0567335778604369,0.0574460157206623,0,0.00668635085971603,0.00370778781280916,0.52361200983056,0.114721472068816,0.0178681775250956,0.0031711493483255,0
0.000204846557278443,0.0451437394992941,0.0285960424831938,0.00803034254149157,0.0549890806647735,0.056350097336491,0,3.46249570472314e-05,0,0,0.00633471844463864,0,0.0365524539003942,0.0868570336632746,0,0.0176818735746187,0.802512541269311,2.32630536921175e-05,0,7.10097743365458e-05,0.000493111204736352,0.0534741195566015,0.0533396280019917,0,0.00630997377251176,0.00371967628882666,0.35884123336089,0.0794505729061417,0.0169637916875132,0.0030493785828423,0
0.00021287229243408,0.0622253233618273,0.0340807948650358,0.00916463371184231,0.0774376445962868,0.0573609701067847,0,3.97768161044435e-05,0,0,0.0056460140062922,0,0.0508752120727141,0.119567248407945,0,0.017527070046241,0.713600689988283,2.20150256868482e-05,0,6.72991461298575e-05,0.00039109128661078,0.0496795340721185,0.0508589395763908,0,0.00626779347724611,0.00415613586064996,0.572792159909019,0.120386650366526,0.0183054264243353,0.00347256850249822,0
0.000207739890826039,0.0414142853059753,0.0344112184366027,0.00930989339487437,0.0506586010415123,0.0549496591854611,0,3.94267731010589e-05,0,0,0.00550494256331195,0,0.0345840709878227,0.079492016837681,0,0.0165923855550006,0.712618704371437,2.13525982366599e-05,0,6.59732472437968e-05,0.000386079822941242,0.0473947886167405,0.046520359834666,0,0.00594404329399121,0.00412761045177772,0.392639800123747,0.0806024165800419,0.0171726884140731,0.00335026268998117,0
0.000190874759586389,0.0551286989010059,0.0355783158318719,0.0102162395463039,0.0679069487238868,0.0534018881966613,0,4.59792332832144e-05,0,0,0.00615471629965408,0,0.0579308444269613,0.116541702736737,0,0.0151729336267329,0.763098587172965,1.98963327685372e-05,0,6.18826016356836e-05,0.000377414722260671,0.0485315786663507,0.0418504680698072,0,0.00672637608136116,0.00392591639899469,0.625481115099538,0.0966759251878015,0.0189204589470574,0.00313193792963332,0
0.00018255317995086,0.0345939808710958,0.0353481336705412,0.00942223444698463,0.0438536452304051,0.0510426983322668,0,4.70507637330194e-05,0,0,0.00614182682988967,0,0.0370710590658556,0.077990262471451,0,0.0156284944172554,0.75100137640269,1.90333749312644e-05,0,6.09813342025011e-05,0.000369340448518372,0.0461518021985474,0.0393885280460266,0,0.00598933033032549,0.00393269265727059,0.429860037725424,0.0643148869385984,0.0176899639780945,0.00304647809753455,0
0.000159294166237146,0.0551483331683657,0.0356108296135971,0.00981145716912578,0.0604793980600411,0.0505216181708033,0,4.8041445619016e-05,0,0,0.00602169974924172,0,0.0556886582000234,0.0895693225395117,0,0.0163457843153557,0.764118948825385,2.17475701173625e-05,0,6.63104393530885e-05,0.000356025554951953,0.0549718602879049,0.0467144363560268,0,0.00579901184648771,0.00353190555579655,0.641065261458369,0.09773848238508,0.0188680762079881,0.00299018404295967,0
0.000153293192105904,0.0375372922028201,0.0343552494225887,0.00971811018229761,0.0391811377376986,0.049578437953562,0,4.79678452701869e-05,0,0,0.00574542578946754,0,0.0381305323185084,0.0614421025685434,0,0.0160118416045844,0.751842145867008,2.11515899169658e-05,0,6.64130059829573e-05,0.000352297914915753,0.0559003605455498,0.0429497384641427,0,0.00582024253307908,0.00383101210656552,0.424820619929435,0.0640075185097409,0.0174964101649958,0.00290831325108162,0
0.000134807136636886,0.064291008682593,0.030900680342773,0.0108686859019784,0.0531101342363762,0.0522673262048436,0,5.43620515151095e-05,0,0,0.00522591018521995,0,0.0672281805890803,0.0905015031599454,0,0.0183233773222637,0.849583131447992,1.94966630796255e-05,0,7.09019239369552e-05,0.000344234389827376,0.057327969510263,0.0337417902232202,0,0.00510652503483279,0.00445096297226913,0.62742998097955,0.0970401794548254,0.0185059511530405,0.00277389522989604,0
0.000130646630457705,0.0419380494449901,0.0275671509600741,0.0108788381263866,0.0349511194387492,0.0503951807388617,0,5.26945624487735e-05,0,0,0.00512651266806147,0,0.0448935923470546,0.0648185357318759,0,0.0176991513492403,0.857532325013149,1.928567833679e-05,0,6.56628623319597e-05,0.00032721457107934,0.0526573802996337,0.0318668732234547,0,0.00490083140142099,0.00447382688071309,0.431168572401747,0.0661772658498,0.0177772525168113,0.00282399087088034,0
0.000126669071269093,0.0550164907611489,0.0296366524462426,0.0121142096973371,0.058426923681175,0.0463838804522042,0,4.79818135013923e-05,0,0,0.00531913392649939,0,0.066872039777789,0.104726609770185,0,0.0183075451494285,0.75204654727417,2.01154305603898e-05,0,7.72537545681344e-05,0.000338078576390335,0.046391594838092,0.0289690568309622,0,0.00437804872594459,0.00463591047691307,0.593303037129367,0.0852993809608763,0.0196337640920586,0.00269437808093941,0
0.00012486845020307,0.0366062030792377,0.0286171343366508,0.0118223589885372,0.0392190982626846,0.0431495328094164,0,4.83560745875241e-05,0,0,0.00509472347877181,0,0.0447552268044463,0.0744743828006191,0,0.0182176946999453,0.757086676037456,1.90411171174953e-05,0,7.61224660372809e-05,0.000334554373137725,0.0442636694718168,0.0264885876347269,0,0.00402820262428434,0.0047576339168784,0.405522104455136,0.0610120770336643,0.0180651615927781,0.00266452977608912,0
0.000121827785065895,0.0600392236722871,0.0270492376781158,0.0119587057200653,0.056680138188462,0.0461226118618426,0,5.2843766008244e-05,0,0,0.00524787902475787,0,0.0714362714298833,0.122349817479042,0,0.0210554855709306,0.707369129704941,2.20101461369108e-05,0,7.13901572334794e-05,0.000326075417460958,0.0446227031091814,0.0269255786190753,0,0.00382717723330081,0.00538966648640361,0.613113895145988,0.0910766940935895,0.0159661540242405,0.00314174073981186,0
0.000122401036132031,0.0399575884555644,0.0283438839980879,0.0124296584659722,0.0359895442439959,0.0457447674453629,0,5.136070637003e-05,0,0,0.00530010425358424,0,0.0465081160391978,0.085321480618639,0,0.0214730106574457,0.672117900214074,2.19827348422878e-05,0,7.35877779160697e-05,0.000305278428356237,0.0434339948262632,0.0248837264617595,0,0.00362439879064281,0.00554554779756347,0.426469251901643,0.0600534087514884,0.014910013990366,0.00292359886653957,0
0.000145810367947616,0.0594407132746673,0.0264448007707974,0.0121300571737365,0.0515922344109407,0.0413958809111802,0,5.21598020935166e-05,0,0,0.00528959485222112,0,0.0730473230841745,0.144948942084473,0,0.0217925906740442,0.631600331957434,2.28709310585781e-05,0,7.48751937970625e-05,0.000284956052008302,0.0420881672649974,0.0256819739108368,0,0.00340216064446532,0.00608591341719098,0.599910073573551,0.0925939811925542,0.01829543878312,0.00303092481033323,0
0.000146838074712663,0.0404923049196957,0.0256232509969943,0.0117068619245349,0.0350958293072161,0.041720727439612,0,5.19264881096946e-05,0,0,0.00529643843367271,0,0.0500213765159768,0.100975710824315,0,0.0220270336754413,0.600840373296954,2.26607488871573e-05,0,7.34225599264134e-05,0.000281791930568012,0.0405795176571668,0.0245824829234703,0,0.00334112915460751,0.00613880014891085,0.390336740013075,0.0620244178351025,0.0175473443269478,0.00309797574422517,0
0.000155791783271325,0.0620776338487763,0.0299031093663482,0.0125633003056203,0.0626859413705619,0.0412477436845478,0,6.19748150315631e-05,0,0,0.00539200403551819,0,0.0746068748678876,0.154258918008616,0,0.0244163466266871,0.541567412606144,2.32032000462135e-05,0,7.32643606253752e-05,0.000263612358569233,0.0446320214322264,0.0287325185341209,0,0.00341588395136729,0.00748300082169935,0.577282889762852,0.0909595141725723,0.0167621451817301,0.00316089022295435,0
0.000155938929886295,0.0395599983354572,0.0288276684990023,0.0118658565241806,0.0415468441760079,0.038064341607283,0,6.00572171447157e-05,0,0,0.00528497457927568,0,0.0507523910327371,0.104402523600319,0,0.0248700979796118,0.549104403532338,2.32147090246432e-05,0,7.2645019099806e-05,0.000259783338280171,0.0439955106997971,0.0271741100140351,0,0.00323258787353482,0.00754304253027375,0.386780483395942,0.0607100465259171,0.0151135338276025,0.00299530233543571,0
0.000142328619293144,0.0539345675101893,0.0290032635444639,0.0124722474734267,0.0705839822605396,0.0417696173909286,0,6.41908696099392e-05,0,0,0.00602038615206987,0,0.0821113231500692,0.169585388411578,0,0.0307350797340427,0.570609473531126,2.41281424295079e-05,0,7.70258600074565e-05,0.000274404859983195,0.0471938552076751,0.0261120430975933,0,0.00299802690740753,0.00805827893629103,0.566058217078614,0.0953260173072303,0.015518981306047,0.0029909443373445,0
0.000143438663715306,0.0354619855631258,0.0290184196910895,0.0124016268817044,0.0445683750918728,0.0409682443079339,0,6.71532102267487e-05,0,0,0.00597414674004503,0,0.0558415538160079,0.115909772859282,0,0.029879840123256,0.560529024028873,2.43277411178448e-05,0,7.66978308356033e-05,0.000265294719963894,0.0458991555372758,0.0250622057977493,0,0.00268702682399102,0.00804741801226649,0.385235369717604,0.0657431643867095,0.0148625090395389,0.00276729291656194,0
0.000132713611234383,0.0515928498823367,0.027461542647079,0.0132763016218349,0.0590097829298441,0.0395343473818429,0,8.01062206363027e-05,0,0,0.00658849818529367,0,0.0809732548200953,0.186202818857185,0,0.0343286575124756,0.632221920662016,2.81363976809001e-05,0,8.19434929089786e-05,0.000293424764715566,0.0466741808389656,0.0257994073109958,0,0.00245129138058562,0.00879135153713919,0.556544081821801,0.0967687521802201,0.0173664007069258,0.00361749895519285,0
0.000129117865680523,0.0353401468251574,0.0262933678370301,0.0131241645088494,0.0389566129633249,0.036891042512375,0,7.64193463931209e-05,0,0,0.00637042705432693,0,0.0527635769713449,0.128027124433806,0,0.0355388811584017,0.636160771752184,2.88985223323587e-05,0,8.01861713797747e-05,0.000287608605749419,0.0461164567632187,0.025568725445879,0,0.0023402693303673,0.0087015710266388,0.368110438662552,0.0653998381350697,0.0161238212285102,0.00383420098392699,0
0.000143608388217706,0.0511139033562784,0.0244487999715232,0.0145773597905359,0.0559287714356836,0.039618503596075,0,8.58799682899154e-05,0,0,0.00647081854518735,0,0.0825688393283473,0.205871493683732,0,0.0394115690866189,0.66558526585563,3.31411105790268e-05,0,7.88326962822983e-05,0.000249213648476267,0.0391358516992352,0.0285519791556029,0,0.00214260592301336,0.010014117096904,0.563862656124803,0.0935591982374062,0.0165692719955047,0.00454662563135662,0
0.000143749552778607,0.0323085065662613,0.023392840564543,0.0145082651976395,0.036942443122537,0.0370532246355757,0,8.45892768320835e-05,0,0,0.0065415099910886,0,0.0570129569001752,0.135785963132721,0,0.0388569134992456,0.664449209613445,3.29030819243807e-05,0,8.04428170026716e-05,0.000243494543191237,0.0361429146174129,0.0279827674937669,0,0.00204319334726093,0.010314169590799,0.374294545142401,0.0629689296255237,0.0165859798907167,0.00441513096485004,0
0.000148925796898035,0.0444816340738679,0.0256650566108552,0.0143621854413919,0.05140028903889,0.0312526818983792,0,9.36374341407016e-05,0,0,0.0063934142216131,0,0.0861560870335701,0.189258561644658,0,0.0384382539751545,0.64546611247702,3.89753040343685e-05,0,8.7146069724532e-05,0.000292685667182587,0.0447973842567909,0.0295300870609227,0,0.00181326484402254,0.00956141141523981,0.522540172217794,0.0973670184068018,0.0167017560392962,0.00476103056123848,0
0.000140487695267508,0.0306784875575835,0.0240101857129326,0.0150681895499797,0.0342600624725104,0.029526436897348,0,9.43498304545837e-05,0,0,0.00656622729290214,0,0.0610210164354645,0.129398608424391,0,0.0373434529155612,0.652322171124279,3.98928968441577e-05,0,8.60885125996899e-05,0.000295490062813379,0.0464439672898279,0.0291214015959406,0,0.00180798982730294,0.00923213904201453,0.344968070272599,0.0654835547135737,0.0157472807503793,0.00474869856027538,0
0.000117237148840483,0.0435072235778193,0.02310117734117,0.0157794501722546,0.0500756050567979,0.0294613659260486,0,0.000114592102217289,0,0,0.00682087473272069,0,0.0998475583024849,0.210334682696714,0,0.0369363786418642,0.661224524969051,4.36824013560249e-05,0,9.14475802184629e-05,0.000290858830214897,0.0474690612531387,0.0367111715793756,0,0.00181778170373101,0.00915090684896538,0.516741706344526,0.0944508981341744,0.0156531118217094,0.00492519331959505,0
0.000119872761176374,0.029806234011114,0.0221068411687357,0.0156381754296903,0.035173782013511,0.0275696824151076,0,0.000109587509078139,0,0,0.00712196592098017,0,0.068705201328916,0.133372571641522,0,0.0367096792744135,0.642468786321378,4.28742440594977e-05,0,9.48803563448344e-05,0.000282487863927453,0.0447642368007988,0.0355618407685801,0,0.00171667425365813,0.00977445733904239,0.362029266045429,0.0643080263065195,0.0143827009487608,0.00485174758984733,0
0.000146713534473619,0.0440364982151444,0.0258849134156322,0.0161447760448255,0.0547382973761206,0.0262958089142984,0,0.000131336755005563,0,0,0.00846858928282459,0,0.0932239413552502,0.205237868829187,0,0.0390470494547461,0.621272771033268,5.57816164396636e-05,0,8.76166361283419e-05,0.000254349697760339,0.0507789679903246,0.0387214618560881,0,0.00151298938761696,0.0106099007367229,0.486590837002081,0.101752738025318,0.0148255548540442,0.00516825086724062,0
0.000139853664735934,0.0318945995364409,0.0244323323761638,0.0166786335099903,0.0370020621308596,0.0244516629728713,0,0.000124990363119866,0,0,0.00848729982138681,0,0.0642569740738627,0.141955419646729,0,0.0389467530187569,0.60212251178718,5.54800892496465e-05,0,8.96120948645509e-05,0.00025001538024819,0.0494915998883406,0.0401998872872419,0,0.00149389890567053,0.010491553655567,0.339513730740606,0.0692125631635716,0.0135439795845956,0.00542655303558472,0
0.000144822504468,0.0579964879597381,0.023539539072659,0.0143317228562321,0.0554656267681068,0.0218980732408835,0,0.000121818339633486,0,0,0.00982616480403751,0,0.077960067732604,0.207255062323606,0,0.0463754597049713,0.643219479616703,5.37386679477813e-05,0,8.83201845311516e-05,0.000282120126693204,0.0578111422303919,0.0433990036250471,0,0.0014033382906285,0.0103326131138969,0.533734200824558,0.0995015913870001,0.0135187146724025,0.00638905184989145,0
0.000143940671669869,0.0391217158389997,0.0230366592279471,0.014743280835103,0.0363918434246899,0.0210637832879339,0,0.00012351249701413,0,0,0.00985121584313115,0,0.0495715802286856,0.134118500143495,0,0.0457441540172848,0.625855001043142,5.13289679606801e-05,0,8.44900865847033e-05,0.00027110590534631,0.0566609540646647,0.041176085871558,0,0.00131384884604774,0.0107393856797573,0.359291305348278,0.0672630274624336,0.0125777634195469,0.00654023582142415,0
0.000126436439259601,0.0624793170619653,0.0252176496461463,0.015785917926332,0.0493238762363445,0.0217961130759123,0,0.000145591269367032,0,0,0.00966727670060663,0,0.067724513130328,0.172973973056237,0,0.0493138521886596,0.632048853580723,5.91833587639648e-05,0,8.15178418766124e-05,0.000272220575648794,0.0669638988675508,0.0414809826355657,0,0.00118417061696642,0.0110029085742393,0.549607556299687,0.109137805298946,0.0133660507408916,0.006959573175128,0
0.000124414014124646,0.0412209615559602,0.0240892945550093,0.0157168780979582,0.0337845202616885,0.0217060284174046,0,0.000138473045003488,0,0,0.00976706277302428,0,0.0443006837732777,0.110286679171426,0,0.0492147072565607,0.637330710710504,5.98860730088284e-05,0,8.12996401908991e-05,0.000265168078271041,0.0655181324180387,0.040217032555288,0,0.00110893732998947,0.0111862644396174,0.369264318189674,0.0759542046775219,0.0132345019383265,0.00686059436477651,0
