0,0.0343108613414437,0.120827956970031,0,0.0280853944780499,0,0.00387178804167558,0,0.0318463682116074,0,0.10396543581667,1.09705282013262,0.00634545035421509,0.0025271868681559,0.0360594050871788,0.302140854013645,0.0895859155095155,0.0474061812209424,0.0396237331955037,0,0.056524385232846,0.0137639691189795,0.0530079300185352,0.0566074959219576,0.0179382032489516,0.0569772129428284,0.0814482312945444,0.0131220126717001,0,0.0645723577035851,15
0,0.0228488964885738,0.0838797880294705,0,0.0315200437636343,0,0.00564193764200377,0,0.0392500627585237,0,0.0831792565185127,1.18561179561759,0.00702762302989316,0.00277746315123083,0.0457314784485437,0.217983756185467,0.097958285620828,0.025949410056743,0.0491025287870645,0,0.0684880660017219,0.0154677012182653,0.053220734414675,0.0384626841514125,0.0238041299305106,0.0489411079605059,0.0770950072997895,0.0157838255357999,0,0.0812350916220434,15
0,0.0362011927240956,0.123752008103919,0,0.028356704737773,0,0.00433997089879233,0,0.0321129095283645,0,0.125492524634335,1.08912028719848,0.00717148780071912,0.00274492327877263,0.0359081382248265,0.317007242609864,0.0857099717525684,0.0398549543800774,0.0404026710462811,0,0.0611024403340045,0.0116051267977185,0.0502498563324578,0.060410356456898,0.0192708336772072,0.0780388370759491,0.0673868224310118,0.011006500478918,0,0.0614451336880848,15
0,0.0223792478913739,0.0965878868866479,0,0.0321451588561044,0,0.00525614692561668,0,0.0497704003299284,0,0.0879954172213772,1.10462300978227,0.00722229709733185,0.00285362382373012,0.0438719851058025,0.23519379179228,0.105016436167397,0.0237380479765877,0.0456338861448715,0,0.0668442341687281,0.0177392816698557,0.0536149148756718,0.0399649022097755,0.0198839951376731,0.0460198838592107,0.0728701529639691,0.0132505481980976,0,0.0843001196391677,15
0,0.0342638448913197,0.140009828819254,0,0.0287171959662746,0,0.004142310019258,0,0.0410028983845227,0,0.129536898607788,1.02462656311599,0.00676309311008805,0.00281205028388084,0.0340905369165402,0.355518212515797,0.0918896462112884,0.0336318582071843,0.0379190016663879,0,0.0591065665300826,0.0130226365281451,0.0491954278195216,0.0630530677525884,0.0170042606774731,0.0710567897349344,0.0677642420502692,0.00921434612986265,0,0.064015351958642,15
0,0.0234668017451304,0.102654118471158,0,0.0354938487881457,0,0.00500167216269402,0,0.054163172759525,0,0.0907008165896958,1.11855524903525,0.00556306764293559,0.00244095700793527,0.0380656613401957,0.264720997374978,0.0992559373605342,0.0246766543643662,0.0393114085882444,0,0.0613663110175722,0.0182499784457276,0.0493189466976408,0.0507132029684765,0.0174520482922679,0.0437560464573512,0.0828308916821348,0.0100417348289545,0,0.0772095487160679,15
0,0.0334244943394594,0.141831331724103,0,0.0306246100711263,0,0.00388660925455841,0,0.0439941241376149,0,0.132044494390235,1.01437335644486,0.00530592982808171,0.00237751396348564,0.0272710895470432,0.377100712212417,0.0842990237452762,0.0332612409424699,0.0342532047044516,0,0.0525134761598145,0.0131045550093207,0.0458334298211408,0.0704881035268455,0.0149883200563349,0.0665389999576303,0.0745837775124265,0.00730398103389717,0,0.0608898100754452,15
0,0.0231176304767537,0.0854907667434043,0,0.0317983176293443,0,0.00477894941223922,0,0.0493595150956623,0,0.0769091448906113,1.21757836596763,0.00506143817979212,0.00236791239744701,0.0425062366210808,0.278401371737078,0.0961908516082495,0.0257294905037765,0.0415246258941673,0,0.0583902875164565,0.0201856347187288,0.0560683655512549,0.0526591517523499,0.0174798970796729,0.0433328382166634,0.0798686288538269,0.00814381871392576,0,0.0734560686661306,15
0,0.0329241876279173,0.122599210463335,0,0.0280581606311262,0,0.00362293063349457,0,0.0404784906048755,0,0.115828087270712,1.15047367511268,0.00470754392425383,0.00227976380052501,0.0304893227395673,0.41104929035751,0.083052857360986,0.0339265020273293,0.0336306558177275,0,0.0510099564638962,0.0157122905530552,0.0550407649709514,0.0737101696697837,0.0141866390016786,0.0619256151200281,0.0682842849147907,0.00567838079199409,0,0.0565901825853425,15
0,0.02107251100068,0.0763477504505126,0,0.0304763073098924,0,0.00443342515565734,0,0.0486240628499594,0,0.0799079615975733,1.31651376476838,0.0052214060005638,0.00203344850896914,0.0439064077921936,0.285080582115207,0.0912696997992969,0.0271106148992258,0.0410505314088826,0,0.0603290776143082,0.0214938563451063,0.062958362484509,0.0469316340718061,0.0143781275910794,0.0403534041249057,0.0687427465804334,0.00589575781307276,0,0.0729645906548727,15
0,0.0303117231667642,0.108610508160929,0,0.0271318179853285,0,0.0035047383582005,0,0.0393087558898322,0,0.119525153392034,1.19186926528967,0.00519304613948324,0.00208158008902751,0.0324387226350668,0.397642208813974,0.0790349300343145,0.0358175721290584,0.0346068411592453,0,0.051802946846359,0.0164432729014385,0.0599485213688716,0.0709316376400969,0.0119259243141101,0.0603237961299925,0.0621179392312416,0.00413068297081015,0,0.056114890519967,15
0,0.0235268635992937,0.0713008462008818,0,0.0326392110485632,0,0.00434431755270687,0,0.0437713016420239,0,0.0794494711527637,1.38705637305533,0.0059667110717284,0.00212924437881773,0.0426156213134849,0.281520884187783,0.0778845756438319,0.0350439380503207,0.0495017263070055,0,0.0499014289983785,0.0220039044728682,0.0476823461050886,0.0518758383546146,0.0120205554327192,0.0420093909364581,0.0706148210829219,0.0045571120886197,0,0.0624930532531763,15
0,0.0342612791949653,0.103773104855848,0,0.0292454949533127,0,0.00328708129284111,0,0.0360251294252027,0,0.114192303580105,1.28928769123852,0.00559760669073763,0.00204756856883461,0.0305108497298029,0.39754777335349,0.065622902005047,0.0444433818142812,0.0414124708969108,0,0.0434980732708316,0.0170741500408665,0.0481892880549919,0.0721985623987185,0.00943324235083266,0.0594178087288228,0.0625809484102954,0.00319926978153907,0,0.0487048302626351,15
0,0.0240011628084642,0.0685566226046474,0,0.0307317242902185,0,0.00378770084292537,0,0.0412198865773769,0,0.0834105628160986,1.23233244219953,0.00552983790645991,0.00178663412146645,0.0393063863509016,0.294691470358969,0.0792841062460102,0.0406385798160829,0.0397059118532943,0,0.0473774765674406,0.0193576407161675,0.0535311589905767,0.0569611847610472,0.0112316971134527,0.0425458678950393,0.0686761223361182,0.00378630610536636,0,0.0670044329294489,15
0,0.0317528452739985,0.0885141471812152,0,0.0268015098969099,0,0.00292685571574827,0,0.0346842960966733,0,0.121196194144052,1.11775101624448,0.00527574968165325,0.00176220385753314,0.0271274586372625,0.404804221428051,0.0669184542068534,0.0474642965303791,0.0336560060203672,0,0.0396026990069678,0.0144681559199618,0.0503266191114713,0.0749302201881548,0.00826636564307551,0.0580289789151879,0.0628732459333717,0.00270279437426489,0,0.050092091299511,15
0,0.0235999920440687,0.0683236724517042,0,0.0282015449833118,0,0.00351541589137629,0,0.046297228239293,0,0.0931700600276664,1.39382180695038,0.00464738089906556,0.00196993254068549,0.0427895028441189,0.266925717976113,0.0731381008364377,0.0447647410352719,0.0384484205297055,0,0.0431429756556917,0.0190272704589447,0.0456705245414705,0.0734367632293179,0.0118192344669598,0.0395218176453238,0.0665180861870647,0.00256903493725132,0,0.0682158464437664,15
0,0.0311370660794614,0.0857714164004727,0,0.0251919654497492,0,0.00279881454724566,0,0.038800239251371,0,0.132865001143429,1.25420290100704,0.0045300119386444,0.00187869643951129,0.0264974375340397,0.363224608111897,0.0620793118117705,0.0540041246395322,0.0319577375383751,0,0.0377125135404507,0.013681739608701,0.0444553429206153,0.0958888366248593,0.00850877175430517,0.0543825162150437,0.0617423469728768,0.00180445343149756,0,0.0503251462813432,15
0,0.0250433224387076,0.0726065437939639,0,0.0303815943194482,0,0.00363660890194559,0,0.0545975466033998,0,0.0896231807203499,1.2050265190641,0.00478931427342022,0.00207316787113475,0.0559352843401918,0.287576631039947,0.0811809284241214,0.0544940553410824,0.0355220231383841,0,0.0389390127727714,0.0172713220828977,0.0381570677784058,0.0672314493101659,0.0118694954895745,0.0426589477928731,0.0659424349806477,0.00159851470618679,0,0.0581197366117499,15
0,0.0322547118177514,0.0944999703560849,0,0.0267569893366732,0,0.00276165437150618,0,0.0451852544052852,0,0.122578207453866,1.1029291143451,0.00450943859558341,0.0020551823965789,0.0353875071173356,0.37603365898599,0.0675448177789691,0.0618680459567532,0.0292700195131652,0,0.0332042971724017,0.0126566622379406,0.0355345729677988,0.0976399607827971,0.00815023544299601,0.0579211900553617,0.0589004206079571,0.00112527408300947,0,0.04174400381335,15
0,0.0287429869672374,0.0722406059853834,0,0.0333375157236437,0,0.00346931668743141,0,0.0537561155664838,0,0.0986080352463168,1.10764380842592,0.00459089479593204,0.00245189869213918,0.0568289596836908,0.307976238421982,0.0813044687710439,0.049288829218572,0.0347145309080401,0,0.041639209098387,0.016664356788025,0.0381299046018378,0.0585738863987772,0.0121044375333563,0.0456054147009761,0.0730569049345201,0.0011636535547192,0,0.0578671134952196,15
0,0.0378347308114265,0.0851471187859121,0,0.0285315077614039,0,0.00264939897249104,0,0.0454437426297086,0,0.132666376574693,1.01620857690069,0.0046156135140867,0.00237717181948968,0.0369091107235917,0.393016270594611,0.067649633351602,0.0542785240273123,0.0291900394485623,0,0.0352331695747272,0.011785208820881,0.0361241804842137,0.0975066233182023,0.00864903508733426,0.0619715672228579,0.0681263732362718,0.000838711921813638,0,0.0408448303883489,15
0,0.0289370651869009,0.0818024139963716,0,0.0321422482746768,0,0.00376935459706814,0,0.0634284517325089,0,0.101419369813667,1.12757420876915,0.00513280678729064,0.0024431776578018,0.0657791249002447,0.29016336379355,0.080026336822391,0.057625488816389,0.0322841003261328,0,0.0408074084986048,0.018996659490462,0.0341012234474934,0.041880670415551,0.0125559790578263,0.0449375988393204,0.076723833754904,0.00084847380689557,0,0.0559324075269661,15
0,0.036649811733654,0.0983127027654684,0,0.027636727381029,0,0.00284763165148549,0,0.0517170589116254,0,0.132861079514748,1.00366253895265,0.0049289016311375,0.00244467317635193,0.0477528302799401,0.355919210205019,0.0671824311444239,0.065111433122768,0.0277094625850321,0,0.0342385038647652,0.0133204815889559,0.0317484886508055,0.077737162629372,0.00857219507595477,0.0594134477392517,0.0687815300264963,0.000631954386856926,0,0.0392005725382921,15
0,0.0302556100724304,0.082990994069177,0,0.0339677818633403,0,0.00413976164720512,0,0.0641181266442597,0,0.100063460572865,1.02116668661394,0.0049256602542554,0.00269115550902529,0.0625509639401136,0.258861443272085,0.0813123080035057,0.0734910245792231,0.030729285023938,0,0.0388444125152645,0.020359002663178,0.0334364391895426,0.0314411634743852,0.0153558717538027,0.0450680661661841,0.0752977574626087,0.000580434438714564,0,0.0518079704475172,15
0,0.0411460675702965,0.0963598845911388,0,0.0285791151559754,0,0.00306447615027168,0,0.0531022233530089,0,0.135176348703232,0.914056116032239,0.00485841013630663,0.00263765630672429,0.0495292738794747,0.333350001519553,0.0679656305062007,0.0874943642682679,0.0262496565374876,0,0.0327273717457039,0.0142402712553555,0.0308166984061207,0.056534794252595,0.00942361547436701,0.0603585766077958,0.0683464594783336,0.00042034643431962,0,0.0343007302857429,15
0,0.0306295107422534,0.0911198458160791,0,0.032614254706465,0,0.00393988645860723,0,0.0664688438805881,0,0.0935505521345924,1.11878734227999,0.00521436678346558,0.00236343784702587,0.0503728412004014,0.249124985507468,0.0851581227812327,0.079505852141519,0.0262842280532947,0,0.0399076286512626,0.0172092321753741,0.0283181158385912,0.0251718815720577,0.023944863311013,0.0454903374601594,0.0870403456192462,0.000447418116535896,0,0.0563630860466065,15
0,0.0425843182796025,0.113774421396802,0,0.0285973849750055,0,0.00287786026725278,0,0.0544712654687659,0,0.128886781680182,1.04897669500389,0.0051645657004521,0.00228414673992435,0.0439948083067358,0.336256379872895,0.0736589502168819,0.0993171036126206,0.0216195384947194,0,0.0339114416859649,0.0123269319731964,0.0264467836065994,0.0387542336765376,0.0140569141045386,0.0597745800251969,0.0807793766882162,0.000321711334218178,0,0.0363269557007848,15
0,0.0365759350094375,0.0920827196579429,0,0.0329990901707232,0,0.00433072321764495,0,0.0666740622903267,0,0.101731163458865,1.17283027940863,0.00551271238102125,0.002456680671754,0.0473015988610037,0.248928986775193,0.0806342281556334,0.0718863312980927,0.0229569737922376,0,0.0437069866013325,0.0174953435599382,0.026460104868228,0.0197313361658834,0.0320003267855841,0.0494655714732664,0.0819481440075787,0.000294477100372665,0,0.0599112660853473,15
0,0.0490265961478167,0.111733914761623,0,0.0291364139730803,0,0.00301605195960588,0,0.0538354726908014,0,0.138447370053425,1.0657736513559,0.00531659563181632,0.00239034217191593,0.04278046149406,0.325745051698371,0.0695646870378804,0.100818969707137,0.018761810831657,0,0.0383680244037675,0.0121266888376163,0.0243406362135207,0.0293110842700024,0.0192281674987249,0.066751325206756,0.0732903798054725,0.000220333954733573,0,0.0379496537622147,15
0,0.0344032161707227,0.103825293678757,0,0.0343991581754385,0,0.00525058979416127,0,0.0669798929777956,0,0.0879814569376472,1.21323088620872,0.00575942585423606,0.00225696222320386,0.037132014817575,0.248487658146187,0.0774793307176467,0.0897903881152617,0.0211746516398594,0,0.0446934391642399,0.0201240870871497,0.0236354919498838,0.0199825504648646,0.0246342398268726,0.0511684244318658,0.0690117944586948,0.00018026983565454,0,0.072004482892518,15
0,0.0466891393291624,0.125714641580575,0,0.0300481731399698,0,0.00363395207775259,0,0.0541119864322001,0,0.116126361907635,1.1024544382437,0.00552223582947259,0.00224569433711525,0.0343850326927304,0.32749476713662,0.067431707713324,0.120510933949024,0.0170323619603076,0,0.0386176267732754,0.0148127010155291,0.0216268301966887,0.0249313499108303,0.0132958599172309,0.0703958209643033,0.0600553223974212,0.000131052507926027,0,0.0433009260475231,15
0,0.0327370304902022,0.100615147694039,0,0.0279258680644288,0,0.00521336936235483,0,0.0680537517598548,0,0.0796098198829577,1.20190823305627,0.0055257755873857,0.00215923712446167,0.0270249602350845,0.223844542103983,0.0734456971260634,0.0764552743954593,0.0218907917471431,0,0.0393700738279976,0.0193620318526084,0.0221049144383611,0.0239744543331207,0.0321220116554683,0.0522502176573256,0.0680947301689873,0.000136109724176055,0,0.0773143839966444,15
0,0.0478105396453262,0.1290791590225,0,0.0248414789877719,0,0.00370933168897733,0,0.0525972515643483,0,0.121641366800013,1.15852127773382,0.00533115682469912,0.0020901022797053,0.024940064148087,0.310050302415063,0.0653416669206894,0.113352504735815,0.0179706192276265,0,0.0346814047380101,0.0149267591937305,0.020188420399832,0.0290952786806241,0.0182451678508977,0.0743564977512708,0.0632334921699705,9.88123565456556e-05,0,0.0476683893325231,15
0,0.0287229222277255,0.110619224484096,0,0.0239948113870937,0,0.00564091027438621,0,0.0626992963514643,0,0.0933444771883282,1.26573030775714,0.0053488799955494,0.00221189477118223,0.0210586827230149,0.228728545606511,0.0724682837921278,0.0516614957358323,0.0224312986256908,0,0.0407131004826893,0.0176359576105145,0.0243345061864448,0.0321426375377244,0.036218775662459,0.0452219649291237,0.072944724541584,0.000104384414276557,0,0.100752957172719,15
0,0.0434002333571518,0.137990862868547,0,0.0208677219846152,0,0.004101442399387,0,0.0493585146510714,0,0.128019707158635,1.1100436967898,0.00506697621760868,0.00214756130900699,0.0177582067479927,0.294077796772821,0.0626004638982776,0.0969735240750118,0.0177285842906456,0,0.0349486732184291,0.0124890409855641,0.0210666174292953,0.0373243329087547,0.0232290013227835,0.0694220145669277,0.0648928371871672,6.99953307715432e-05,0,0.0662766143719733,15
0,0.0234329677983514,0.137404228930599,0,0.0231506807213931,0,0.00535666850942306,0,0.0561505444653966,0,0.0877986713474759,1.18514453983655,0.00451651362741584,0.00252960166204197,0.0202827096663021,0.235417723322605,0.0686247764683615,0.033452324111464,0.0234497845380609,0,0.0368762176659021,0.0173212147591776,0.0211362379122437,0.0494343670291638,0.0454664969019985,0.034543420384459,0.077449524628296,7.94183210656255e-05,0,0.10740033155543,15
0,0.0362687841272113,0.170529044430086,0,0.0202097586682836,0,0.00400029454822606,0,0.0453202514173101,0,0.11409452780449,1.09742577082788,0.00443742604526092,0.00241151996161529,0.0149336257599289,0.321075957162606,0.0597480872894837,0.073405977201364,0.0188186468981619,0,0.0314769155591702,0.012815453628619,0.0183032683836719,0.0546166128119337,0.0335489996640553,0.0538261030521816,0.0677354568971438,5.38882180249405e-05,0,0.076822706374214,15
0,0.0195709570043505,0.14403153604312,0,0.0242226403498371,0,0.00453674033449363,0,0.0516517440264957,0,0.0845164982276724,1.28306690973766,0.00452523633710235,0.0024910888059317,0.022961858970582,0.250465244668679,0.069879410504209,0.022767959195732,0.0248490094389537,0,0.0391193369617766,0.0176830616050662,0.0200128238602356,0.0755755591357296,0.0415491764562413,0.0293855806916631,0.0804047252320755,6.12950291612866e-05,0,0.107083859220334,15
0,0.0312659881590294,0.170497543710738,0,0.021425017397213,0,0.00350469621343837,0,0.0433041135844155,0,0.118490422498898,1.17385039018233,0.00435324424878609,0.0024873265158184,0.0144820840358852,0.336754527086202,0.0629341748500212,0.0466656920024773,0.0199564408694881,0,0.0334237182494432,0.0132787313663292,0.0175699537456694,0.0823042020759859,0.03423537676095,0.0477369743584208,0.0708139439671817,4.15333536796872e-05,0,0.0832096124299986,15
0,0.0180692253635134,0.149790948957377,0,0.0235072514327596,0,0.00457720106440019,0,0.0487777851619757,0,0.0927991524394772,1.1059749152406,0.00447534724778265,0.00266041780071913,0.0274571978313035,0.242841154560616,0.076422365651006,0.0202433979168488,0.0286730019995301,0,0.0425627829648594,0.0174652773830095,0.0233316843354761,0.0885446560265152,0.0337880166395437,0.0306292718070923,0.0843989766059381,4.95827170054051e-05,0,0.091230583616418,15
0,0.025951914262571,0.18569765563581,0,0.0203675807843301,0,0.00361899915224381,0,0.0407072134455509,0,0.122604665671623,1.01827153117291,0.00419901455902883,0.00265319762083583,0.0159947482195215,0.313970200168802,0.0660674138279116,0.034228067415912,0.0233466137203961,0,0.0362781057215137,0.0127052818560173,0.0203287264708095,0.0963692382591912,0.029204474351716,0.0418243232713231,0.0747570684602133,3.42000102457068e-05,0,0.0714859068819482,15
0,0.0161292412354924,0.144157331521051,0,0.0213388087615014,0,0.00427308965237889,0,0.053019796914721,0,0.0775150669567267,1.35928259124047,0.00434097019321511,0.0028523235072361,0.0325658329264358,0.212442891146171,0.0768458225223439,0.0155591950836326,0.0279209639216082,0,0.0474569799547783,0.0153674948925594,0.0313623201031128,0.0969729196753703,0.0288373439531956,0.0265337467649918,0.0852423586628878,3.5911991421352e-05,0,0.0795974668429553,15
0,0.0218172367045918,0.19923636238359,0,0.0189438539075987,0,0.00356373049874544,0,0.0425440586137327,0,0.109870403466165,1.28182343808124,0.00428103545951915,0.00274090728382856,0.0177777267882015,0.307251011803123,0.0714842956016484,0.0234603328917535,0.0228287928644215,0,0.0416280517548759,0.0120442205670015,0.0276815499069548,0.118018822918819,0.0253786488196025,0.0384729205033059,0.0758466156526867,2.50713234588095e-05,0,0.0646820742881352,15
0,0.0164980102189133,0.138869189293016,0,0.0231980402383906,0,0.00379101577345385,0,0.0444724067661054,0,0.0806077155680291,1.47554142957868,0.004453017817866,0.0030202965257762,0.0379868816219162,0.200662356109972,0.0748264433172562,0.0131069439622194,0.0288312891064907,0,0.0497218146223524,0.0117904810631446,0.0316147458230454,0.110393652892669,0.023184294622275,0.0241293320538445,0.0862798931950301,3.12395273429742e-05,0,0.07452952932564,15
0,0.0225411377550499,0.189868984884605,0,0.0209397175024087,0,0.00309149105883216,0,0.0385622076275706,0,0.11842598849977,1.40321897493409,0.00429709073445272,0.002946189416248,0.0198103389356466,0.295970572501195,0.0690117154435559,0.0183219265508706,0.0248567180841354,0,0.0434468876293028,0.0088061117813349,0.0283786426969165,0.134585631792127,0.0218038487063184,0.0337099009025953,0.0766485885007861,2.17266179444815e-05,0,0.0622541505498682,15
0,0.016888503732337,0.133240102803594,0,0.0236767760018397,0,0.00381763984829856,0,0.0382466668854554,0,0.0965867399985936,1.52862803649608,0.00459597139085748,0.00312757722977133,0.0561680860322791,0.222370582129734,0.0712402994435852,0.0118993050157326,0.0231436979038346,0,0.0457540881086001,0.0118364242668151,0.0303485102805559,0.0951887300088353,0.0212158331223559,0.0247234724667819,0.0941235164699767,2.36280000539995e-05,0,0.0728603194095877,15
0,0.023067395135379,0.176997552922515,0,0.0204595685836068,0,0.00321184274392149,0,0.0329512242596608,0,0.133569974714523,1.42672731252301,0.00442205912324687,0.00306147121298949,0.0306548784821404,0.321263312812026,0.0629984958098089,0.0159003599627532,0.0200658686218206,0,0.0389905566333874,0.00831127557357285,0.0274503669510092,0.133253258828773,0.01935948689693,0.033700770602527,0.0847317949402391,1.64654097765423e-05,0,0.0620299929743597,15
0,0.0174281770552666,0.130313592182453,0,0.0271411484970204,0,0.00331060338141457,0,0.0349077384082537,0,0.0917280335271502,1.51164830984318,0.00500948418585805,0.00298714352470114,0.0618095780203843,0.24846512184965,0.0615508859328273,0.0146888989132631,0.0205698958727684,0,0.0427066561966634,0.0138905132276811,0.0258472221389649,0.0871688375506,0.0161459821412368,0.027579742060263,0.0995085627598546,1.87060574974273e-05,0,0.0656827743198796,15
0,0.0224899627104797,0.16588845838818,0,0.023643816097599,0,0.00276486434225707,0,0.0310849748729112,0,0.125795963710964,1.40689921825768,0.00493430516860568,0.00287432958041505,0.0347293957870095,0.345374223479068,0.0527253348267477,0.0192123575458169,0.0179561449393096,0,0.0366931303028377,0.0100517355701516,0.0230996505997978,0.130553595957473,0.0150453844405903,0.0333121442567454,0.087890658679156,1.36248218345493e-05,0,0.0550957733916604,15
0,0.0221037703303848,0.13792184201666,0,0.0274029760585526,0,0.00296009029108875,0,0.031471788457119,0,0.092872183195139,1.36366277522014,0.0056533661332544,0.00322154282551756,0.0683850241998376,0.233651054385717,0.0628468320880079,0.0149556518121687,0.0188153703952643,0,0.0473481346489993,0.0119577117326014,0.0299423726333529,0.051976757614578,0.0167355091956937,0.0304162683465469,0.0953911454495494,1.27484484427414e-05,0,0.0613309966910036,15
0,0.0281635467223919,0.18905521811088,0,0.0239829499113874,0,0.00232762971236338,0,0.0274116852870535,0,0.128385456464858,1.28559200605263,0.00554089116569907,0.00317686919968841,0.0459751031129269,0.326425062036674,0.0542809446778648,0.0182563955712851,0.0164711451334083,0,0.0407223265505176,0.00843375928972458,0.0264154431164687,0.101734496185463,0.0148232690092818,0.0378122544014831,0.0851414144921468,9.27609319459496e-06,0,0.0488066119889335,15
0,0.0249136263922961,0.153048605929905,0,0.0267252329992134,0,0.00311959774982453,0,0.0292700594474184,0,0.120147007296224,1.30026781582453,0.00613793165695201,0.00320455646998061,0.0683897306515681,0.249879791795801,0.066054950332515,0.0186732342849607,0.019821884545371,0,0.0535579456466598,0.0143695680043281,0.0363988734631736,0.0401307787142935,0.0134542633648682,0.0371938485200254,0.0934532962021908,9.29811418373301e-06,0,0.0546822907575577,15
0,0.0298400699006337,0.20093935422604,0,0.0229585412253276,0,0.00235449256289818,0,0.0252358460535828,0,0.157759514678005,1.20762773854604,0.00605979609559656,0.00312262953679607,0.0515276733242465,0.339761526259512,0.0555862241496797,0.0216144900807715,0.0165973826036264,0,0.0444147567360238,0.00933138490103087,0.0318134465794774,0.0720774147302559,0.0115006817293899,0.0430525424052424,0.0813269663174628,6.91745042588056e-06,0,0.0440922787062933,15
0,0.0270913020513811,0.140484238796851,0,0.0256792292672671,0,0.00279279957216685,0,0.0262048798289727,0,0.101910598980294,1.45821425113603,0.00561363118409522,0.0034789427104592,0.0636671068394455,0.257539354887162,0.0589150413510922,0.0206117459643688,0.018598513303713,0,0.0432432407543274,0.014921120146575,0.038962214430342,0.0228962667871144,0.0126398108631458,0.0414300743089157,0.0824578760694588,6.26045595277173e-06,0,0.0589114673915216,15
0,0.0334976064581618,0.191407470162428,0,0.0220924263678577,0,0.00214688457131261,0,0.0224991411469329,0,0.138708929413436,1.32733012060488,0.00531839354249724,0.00348292830450933,0.0561263210011608,0.336262325886681,0.0504138147884638,0.0240411025003318,0.015928091441669,0,0.0364905330290139,0.0103008031518875,0.0345718402747461,0.0453925774472305,0.0107193869404978,0.0521955151684796,0.078341740610874,4.65766578805216e-06,0,0.0451024634105266,15
0,0.0285957609089363,0.132855337888949,0,0.0264904541800792,0,0.00278657821930405,0,0.0249335880856239,0,0.100755167029117,1.30592435721298,0.0064915180280888,0.00340338469482233,0.0588837132137854,0.233645336215602,0.0577432129871458,0.0241491197070149,0.0183376353350982,0,0.0514835769834479,0.0154516913742525,0.0397313493327952,0.0161595097206792,0.0106557311056576,0.05266679276438,0.0935238561811158,3.66707193164628e-06,0,0.0584431365649028,15
0,0.0360364004719009,0.175357576861361,0,0.0228948450748123,0,0.0020809538010457,0,0.0198819091761983,0,0.143969087218483,1.1554718914672,0.00624301724516612,0.00330400717527788,0.0524537405654963,0.311155826281296,0.0502738123220035,0.0274604762097405,0.0153499919513209,0,0.0443158063548554,0.0106136741830266,0.0347767930761429,0.0267753020515817,0.00855113585595119,0.0682748455619772,0.0866413987200306,2.74471231264549e-06,0,0.0433648699860877,15
0,0.0344668532877324,0.152672114765259,0,0.0308469564292702,0,0.00299583014803887,0,0.0284815648357642,0,0.109859227781564,1.09552120419507,0.00703838482374349,0.00321607003998073,0.0416130725774191,0.255363864223448,0.0637823903863428,0.0291129713324848,0.0202275931888847,0,0.0481883856360662,0.0159463905833499,0.0427088624254679,0.0156482500408813,0.0101860199035805,0.0683293580506971,0.074689445852653,2.80395993535363e-06,0,0.0565313738805675,15
0,0.0407855081068584,0.196238030061131,0,0.0260132369813066,0,0.00221827544981642,0,0.0223928730090155,0,0.141637178228588,0.991335104845354,0.00664333549773501,0.0031575570066273,0.0402758425962996,0.316572682338984,0.0533580906711194,0.0301854705182272,0.0171703382167396,0,0.0399670023071526,0.0106729471888359,0.0367558636705949,0.0222415225188813,0.0080926575986703,0.0791019299270741,0.0691598465090056,2.07666421751273e-06,0,0.0388501644945256,15
0,0.0370439108661162,0.157484375816319,0,0.0318409723209805,0,0.00327629952016278,0,0.0301031407802398,0,0.103081388734978,0.910778895645828,0.00757707804382826,0.00322110871049861,0.0309436185271711,0.263012905936459,0.0619377559308807,0.0351290498887046,0.0243482565621269,0,0.0565422094885331,0.0168054053455917,0.0463965304106403,0.0174722454612958,0.00829387047316636,0.0696837761372343,0.0766114593065428,1.92298115286212e-06,0,0.0644172771522941,15
0,0.0434625099192294,0.191798403823984,0,0.026340982204551,0,0.0023024219112506,0,0.0238000869495195,0,0.132553280480928,0.796303919657299,0.00736991910461725,0.00319396660365957,0.0288014987856474,0.329881753337666,0.0521205444434396,0.0368104721173641,0.0198456083195133,0,0.0461917481069819,0.0115157537358785,0.0387639386554437,0.0213395288500563,0.00637185275190039,0.0846286686954108,0.070899306043719,1.36708159269462e-06,0,0.043576488275477,15
0,0.0380629536160998,0.154564857074324,0,0.0264840880583202,0,0.00328906121966985,0,0.0348887387843483,0,0.103475701048537,0.958061428609397,0.0076132675688273,0.00329197872288498,0.0267203392999619,0.243619364281543,0.0676495759293185,0.0365798085438273,0.0258023724601009,0,0.0644280728961216,0.0160929756575883,0.0493644372381496,0.0208122187090287,0.0076546928476073,0.0716994681410727,0.0664035102237418,1.20049630858402e-06,0,0.0678030769022611,15
0,0.0499041742293504,0.195882528659152,0,0.0229999341088585,0,0.00228168594649121,0,0.0273582228377019,0,0.127386804167659,0.881136775217997,0.00753897737921892,0.00313613868795793,0.0244112158772933,0.304729657143571,0.057111464185487,0.0404361855380569,0.0208898165069182,0,0.0543872492911679,0.0112548018783676,0.0425810260686658,0.0233058701642236,0.00575562533144251,0.0879398925395254,0.058084484823036,0,0,0.0450546708699457,15
0,0.0465841979984667,0.16171597102985,0,0.0256411743249996,0,0.00394317155603106,0,0.0382014446390411,0,0.0938251238415446,0.993032176650272,0.00822196955024349,0.00306039750393643,0.0218539851189346,0.246210546177117,0.0663289206988206,0.0441840876519244,0.0263770390182425,0,0.0548910598911492,0.0179596011013455,0.0519015106478277,0.0253764762201721,0.00683070776070766,0.0628542723915512,0.0678790856449286,0,0,0.0743089299592893,15
0,0.0606994094659149,0.209148021094553,0,0.0219015305041645,0,0.0025421241479576,0,0.0295767584700385,0,0.124658252204841,0.928335543181836,0.00831710294939249,0.00293887609278465,0.0187221433730099,0.310292891189731,0.0563289810927539,0.0486744653173769,0.0213429799221253,0,0.045948171716095,0.0128535180464534,0.0449772726772876,0.0246733718575078,0.00487619676876942,0.0830411959361945,0.0631097060042496,0,0,0.0492588987705044,15
0,0.0427185910887628,0.157478076249576,0,0.0276626931979234,0,0.00377880012997589,0,0.0418741714426608,0,0.0915447379143782,1.01696274274289,0.00794852061872108,0.00252174232953627,0.0152354909504015,0.272294096116869,0.0610144717445818,0.0481871045908039,0.031892468020427,0,0.0514709613733222,0.0164882320563039,0.0479285747327376,0.0340487149301226,0.00821636357277367,0.0623204712067355,0.0695615836109986,0,0,0.0803537720252488,15
0,0.0560090271705711,0.191821228091425,0,0.0231208239603833,0,0.00248215294099126,0,0.0337957257915268,0,0.114409449104061,0.936852624060492,0.00770162821433914,0.00243395078980771,0.0130628029950771,0.336677206713394,0.0514465546045898,0.0539868692460454,0.0257559441566226,0,0.0422840585735925,0.0121068013701858,0.0408360326836485,0.0325561020990473,0.00581678422245139,0.0822793248970351,0.0601978412004724,0,0,0.0528165475579182,15
0,0.0345211690779919,0.15071847892874,0,0.0227647654944381,0,0.00364311408136409,0,0.0398594971059753,0,0.0836290839703189,1.08800029171921,0.0080070638103806,0.00229603862422225,0.0150347950576007,0.28547460875334,0.0547889055214524,0.04476279722432,0.0340952004875635,0,0.0485623496845754,0.015042374003813,0.0456956312762155,0.0442717372287414,0.00985617941308329,0.0496713207810359,0.0683099298854607,0,0,0.0990977454580431,15
0,0.0500346352736565,0.181350449236297,0,0.0193469834243278,0,0.00251893197773048,0,0.031659186453127,0,0.100587052744516,0.993453039196726,0.00768863103132449,0.00230337580923717,0.0115471364319984,0.355744951992421,0.0456127687533417,0.0564969534902561,0.0277063664606465,0,0.0399987932045126,0.0113511954693503,0.0399391113631242,0.0413671896990735,0.00702325301185398,0.0738410204672123,0.0612478566662342,0,0,0.0699333025410478,15
0,0.0285527647444666,0.128489845550331,0,0.0242368675339747,0,0.00315840800966269,0,0.0350754860368411,0,0.0744788083671355,1.21896799362986,0.00750721557966479,0.00255645056212938,0.013515769796679,0.256561317854258,0.0490557946730613,0.0365286927490364,0.0345319400959216,0,0.0492548152583123,0.0150391736312542,0.0450209969838008,0.0656414511113773,0.0106360277435689,0.0452172520666374,0.0762113213168846,0,0,0.104039289002084,15
0,0.0411177152070599,0.176533086451835,0,0.0208235571674387,0,0.00233321315539536,0,0.0283686798700434,0,0.0937931995313191,1.12396125673844,0.00735578887686921,0.00253495055814975,0.00906693452299929,0.342538800448437,0.041843424477858,0.052308323942531,0.0282583706916294,0,0.0417838073823106,0.0117681426268172,0.0400232697595217,0.0636716500100204,0.00772119079871377,0.0696802899172008,0.0673068054091175,0,0,0.0754540691264935,15
0,0.0260126843244887,0.127645311078577,0,0.0226368139548167,0,0.00292601931882721,0,0.0320571796743436,0,0.0673194070711181,1.27288339631699,0.00682616605200132,0.0024795272828308,0.0196006507475503,0.259997240050072,0.0439598619841621,0.0370175774067017,0.0397296596854885,0,0.0493415812501868,0.0147561699676839,0.0425576227758145,0.0842236775074034,0.011028367792691,0.0463277668247591,0.0760151574532172,0,0,0.0950733124332829,15
0,0.0362590285771905,0.172946356922559,0,0.0201076154587078,0,0.00222334377354621,0,0.0263777501684687,0,0.084175366605676,1.1318933410146,0.00638369373040491,0.00249349319180726,0.0116260274129723,0.303188459350313,0.0372016386764953,0.0478175891458696,0.0332680647964185,0,0.0408663084753047,0.0118341515498965,0.0378853529758768,0.0875677995489692,0.00823076107937879,0.0659698500400459,0.0700079676448423,0,0,0.0691217900089512,15
0,0.022396303835513,0.122957843954948,0,0.0212517940681304,0,0.00350490676849488,0,0.0309136473361993,0,0.0617446013670127,1.23875406456053,0.00637011166544886,0.00261054972112798,0.0297394263223423,0.246933341343125,0.0397039710497637,0.0337776092833057,0.0384274673602082,0,0.0548829108889468,0.0132789398784978,0.0415487376834001,0.108920140397432,0.010097037807421,0.0400016779803377,0.0841727861521716,0,0,0.0968326323671774,15
0,0.0329076521219358,0.164460424653838,0,0.0179767165841016,0,0.00274903819938582,0,0.0260681565031956,0,0.0774962282918638,1.13727622470221,0.00608081141465575,0.00258760802975819,0.0154401103415288,0.317568321062584,0.0337273824372145,0.0467284165063625,0.0318469670839099,0,0.0475778272027031,0.0108046667378997,0.0374565737804182,0.119842362923428,0.00773840905841086,0.0628416787351618,0.0728313799814528,0,0,0.0739992049813488,15
0,0.018875235600085,0.106296532820276,0,0.0225286305596661,0,0.00322161448501486,0,0.0344538233339631,0,0.0624511636072045,1.20893525760901,0.00644691026484596,0.00282964280291531,0.0409365712558048,0.252207201758715,0.0343998071486469,0.0322338781122971,0.0412495809172898,0,0.058511220606418,0.0136341450969496,0.0432199826271923,0.119733356044631,0.0104881986894842,0.0373737265138864,0.0949218558784987,0,0,0.0950214570223661,15
0,0.0275585754307458,0.136608422488887,0,0.0192311302827481,0,0.00253926376059231,0,0.0293888301055174,0,0.082548513560266,1.09060495402732,0.00600912687017263,0.00283367296002757,0.0194983839959539,0.321303683339591,0.0296172010938627,0.0422268198914436,0.034996023473191,0,0.0500851615948692,0.0113081937381773,0.0400030095550749,0.145850439264017,0.00816294367141903,0.0552922163800192,0.0817304453719773,0,0,0.0726250467236037,15
0,0.0225817113918559,0.0960873341231464,0,0.0230835580988854,0,0.00333075278108938,0,0.0296972564885583,0,0.0705522490397969,1.09752992503405,0.00607910987656481,0.00273307061075449,0.0556405854339095,0.295969148947852,0.0348821260567782,0.032967628685276,0.0426393081849572,0,0.0666844699606198,0.0141799611115841,0.0438573820519837,0.116793172508448,0.00987284933132727,0.037914912807725,0.10283583574207,0,0,0.0763872633155222,15
0,0.0291718345978397,0.122289688155238,0,0.0197079476620604,0,0.00255540676742264,0,0.0250791721573635,0,0.0880772141410396,1.02014951663329,0.0060921735994528,0.00264167458203621,0.0269533617814024,0.369619715594486,0.028662882998091,0.0383400628515892,0.0363105899723387,0,0.0564631936236933,0.0111422440666214,0.0414892221334734,0.152793850750808,0.00764041921907842,0.0486027909205902,0.0891449303494182,0,0,0.0591574525539805,15
0,0.0177776434852715,0.0859676852606507,0,0.0227539261430771,0,0.00336930029138563,0,0.0242501457631626,0,0.0873694583217447,1.1315661089455,0.00715309733208929,0.0024479856741228,0.0764047402651184,0.295318954089016,0.0341545548159096,0.0324587223277253,0.0409208456067185,0,0.0613056439064592,0.0135608319510137,0.0485404137544521,0.0737807952943888,0.00820917633006738,0.0292160665013009,0.104697581737104,0,0,0.0839502522490893,15
0,0.0239514782514682,0.109505796471394,0,0.0191001808926396,0,0.00271314875182784,0,0.0219928596982554,0,0.112963417449369,1.00993664755461,0.00684846953100339,0.00244485082030496,0.0429104363751755,0.371791369981255,0.0279696254154175,0.0409091341995792,0.0350396962295097,0,0.0516227049132165,0.00997591318007013,0.0458200990104172,0.130611380156811,0.00636357854393709,0.0397901752677692,0.0921770212331478,0,0,0.0680916512388036,15
0,0.0191272702485279,0.0867570996529786,0,0.0254098034653991,0,0.00331029458870731,0,0.0213335022235405,0,0.0875613069980589,1.13773534012173,0.00787947470719489,0.00217879033781414,0.0758369840856214,0.289773034607644,0.0358093689802419,0.0353986738676602,0.0350117965030545,0,0.0561903466418726,0.012845142086622,0.0494079121844835,0.0530354039582455,0.0076434493809889,0.0289174877426048,0.101447343227229,0,0,0.086907693081023,15
0,0.0268415349008319,0.118966932640857,0,0.0211865616089005,0,0.00263676811950811,0,0.0191894935589515,0,0.113683958139862,1.04565750672629,0.00767073860435642,0.00219546854466129,0.048879255982688,0.360040174984316,0.0291953654930269,0.0445817014190752,0.0300702654178489,0,0.046728794072774,0.00920291482068661,0.0476126787470126,0.105163563257077,0.00575702065203234,0.0409949164369743,0.0926667822416868,0,0,0.0689285769485017,15
0,0.0217338019186785,0.0931959454666066,0,0.0234178282271833,0,0.00294181722191811,0,0.0214121484052945,0,0.0938106312882856,1.18177400032686,0.00812920602250659,0.00217384353757645,0.0660727338867184,0.268920615160695,0.0357775438375831,0.0437198871529672,0.0308255661774293,0,0.0631655330891068,0.0125084924589589,0.0479482061903592,0.0371976746307721,0.00786824844625696,0.0297717755538505,0.10076377373531,0,0,0.0802482908454344,15
0,0.0294741865077524,0.122132458081057,0,0.0199020687716635,0,0.00226852503367384,0,0.0184529966415821,0,0.12689906913617,1.05238532661145,0.00788365878763907,0.00211400347614655,0.0489185817865167,0.346927766477163,0.0292120710949494,0.0543615089667848,0.025859831837857,0,0.0539227762153901,0.008767741812651,0.0446740410997319,0.0727675697481195,0.00554849984794419,0.040491264391481,0.0898970996139077,0,0,0.0610578477579949,15
0,0.0257171893084518,0.0996951726701926,0,0.0251596029945742,0,0.00309721195863308,0,0.0180747770715573,0,0.10480296370218,1.21441650507445,0.00771471581127372,0.0026456694090613,0.0552953044152692,0.254519867584474,0.0328817411188359,0.0510545554426656,0.0313960464120962,0,0.0556687335568222,0.0117878254783723,0.0444302476890492,0.0347038500704283,0.00873930724792734,0.0313937938367646,0.105334987343361,0,0,0.0729410314547192,15
0,0.0334032508001254,0.144657706963063,0,0.020960649968379,0,0.00232781874766755,0,0.0165431064475391,0,0.134223560363852,1.10617566846672,0.00739801149760886,0.00253595373509648,0.0427558213694551,0.331396882156235,0.0269602108811417,0.0600094990982611,0.0269338071105746,0,0.0463134666832996,0.00801951918260924,0.0411757287210017,0.0569101115912703,0.00588086866664672,0.0393300346406854,0.0967956678353249,0,0,0.0537747446467278,15
0,0.0269769144381671,0.115967324851443,0,0.0291365120914439,0,0.00313978382720756,0,0.0149501817390904,0,0.117298196509733,1.20516381037596,0.00705670454076624,0.00290438341532303,0.0458661638737734,0.270183838644894,0.033760384990025,0.0628269913340496,0.0320270322482768,0,0.0635063162318502,0.0129009980933119,0.0455227968767462,0.0274175187313867,0.0116047072482423,0.0337037531649276,0.0917422933313423,0,0,0.0786668403510317,15
0,0.0344096132501535,0.149871740493941,0,0.0251340143907244,0,0.0023704146849629,0,0.012710007436276,0,0.144788444436953,1.09144962419167,0.00663387998022193,0.00285281101545039,0.0386172794653758,0.343233965854435,0.0274905787593779,0.0799578558568639,0.027135318655299,0,0.053515915515009,0.00846593318766605,0.0401131096898916,0.038691602640609,0.0070675436905303,0.0403346487928624,0.0831389599591391,0,0,0.0559877085477692,15
0,0.0307722656343569,0.104770243562061,0,0.0271198003976906,0,0.0028892279922451,0,0.0140473952070038,0,0.119337750975013,1.1762700219896,0.00724568618501082,0.00263684943086845,0.036723585172153,0.291521266040198,0.0334707870208181,0.0631229688802346,0.0308300557654914,0,0.0561606114907231,0.0127144366207788,0.0450058831813587,0.0272741099542497,0.0138244411024135,0.0339756760180094,0.0905131699372011,0,0,0.0832114675425577,15
0,0.0381248018219921,0.142713595614193,0,0.0230285504447783,0,0.00211076763784207,0,0.0117416085216507,0,0.147065025947698,1.1090490607512,0.00712562882926387,0.00248878221278683,0.0319524753084579,0.374431773113169,0.0274534554045189,0.0811673681820415,0.0260793275328524,0,0.0471354810255428,0.00828866511905574,0.0412164194460264,0.034901527742949,0.00837059351768853,0.0425228830210392,0.0813367509787121,0,0,0.0588718385861817,15
0,0.0279670280521322,0.118445123050802,0,0.026454755818901,0,0.00229723090912156,0,0.0132811285067167,0,0.110869453166584,1.13956594367495,0.00646282593013473,0.0027017130048073,0.0330640931586258,0.279720333418198,0.0381519699704645,0.0507976327558777,0.0341216528441006,0,0.0626049926451902,0.0134310678810837,0.0463421909889981,0.0272593325079451,0.0167957411278587,0.0307885763220326,0.0831283211756225,0,0,0.101927612924471,15
0,0.0382171446126797,0.162842193981504,0,0.0221632884324981,0,0.0017338367831236,0,0.011203054720853,0,0.138884665715663,1.02130307335661,0.00644220134625282,0.00267568668915432,0.0284890796716443,0.343371867899101,0.0304441778727978,0.0746054157246516,0.0275920367430372,0,0.0523680142946245,0.00900101284290417,0.0414568450579489,0.0353954682506725,0.0107838525298251,0.0430038527379243,0.0739184568607396,0,0,0.0744781193516837,15
0,0.0322432169943691,0.0939066288945895,0,0.0263770147474277,0,0.00256631972067244,0,0.0132248133573452,0,0.113498989580168,1.25216744268021,0.00632944037868391,0.00248229025106324,0.0291445283801619,0.261530637951564,0.0390697075869862,0.0465493889948119,0.0372456686355396,0,0.0741946861242186,0.0129312013688139,0.0455997355148482,0.0281504683763973,0.0198191314772032,0.0374190024224998,0.0790378646816624,0,0,0.0992794957979485,15
0,0.0438872676745427,0.1307269032842,0,0.022851216200681,0,0.00188424225583452,0,0.0109310133453314,0,0.148231168693122,1.13120919826303,0.00616744525045608,0.00246054136151029,0.0248556396538446,0.34620784309552,0.0320875025595124,0.0663101280550464,0.0308093030184254,0,0.063681773552559,0.00850502515211641,0.0427106735266901,0.0339920478468251,0.0134153927112956,0.0502034015555846,0.0719481945897912,0,0,0.0702139084136261,15
0,0.0315181102530914,0.0890515516549857,0,0.0279755525734223,0,0.00262635015204405,0,0.0149332083261126,0,0.110126168944311,1.19489100521324,0.00740916384184789,0.00242778714145022,0.0226880146032955,0.262450503551733,0.040546434843139,0.0437488225656855,0.0417641141502933,0,0.0684377707431234,0.0123022174471066,0.0460712047771206,0.0361852619326484,0.0218229004907806,0.0375666591708268,0.0667200658373175,0,0,0.0957793250893594,15
0,0.0431926358471588,0.120792341112291,0,0.0240906435148242,0,0.00191109031544697,0,0.0123096017937977,0,0.142697836998133,1.04572191180013,0.007256857787539,0.0023685824136529,0.0179535751738656,0.337638760998218,0.03291882814518,0.0688288916962392,0.0332014555831136,0,0.0582629854806608,0.00816382900171544,0.0431105308038172,0.0412881934554584,0.0147157992834755,0.0469999190857555,0.0597940440481376,0,0,0.0681246954611662,15
0,0.0281876662233648,0.0919704481337715,0,0.0268126274345293,0,0.00270399142731771,0,0.013920576823647,0,0.110167032950194,1.11266998349526,0.00716271588253737,0.00273024537210814,0.026673861889188,0.254118695241742,0.0349197152576671,0.0397606385352904,0.0401290429891593,0,0.0719335585182577,0.0121498621485017,0.0449431045020346,0.0459215242803839,0.0194719914399147,0.0391182347706694,0.0745678664392261,0,0,0.0942549965526562,15
0,0.036614376961176,0.120451616334854,0,0.022821077199236,0,0.00201373785383597,0,0.0114207185263823,0,0.143987590298287,0.974572906383688,0.00702269147391227,0.00270800772722686,0.0196571762226547,0.316359653898405,0.0285488848293745,0.060737556062323,0.0337023854032253,0,0.0594521763116669,0.00800249624999753,0.0406545182205928,0.0529614949741965,0.0138458068210953,0.0541599672815304,0.0658392147298451,0,0,0.068521675802182,15
0,0.0280663301936692,0.101993732800549,0,0.0280239519086338,0,0.00246397386709696,0,0.0134352317881963,0,0.124022072609849,0.945896627589146,0.00762224960239713,0.0027548295564399,0.0275298583018765,0.259520079538985,0.0475482619833008,0.0392800779164459,0.0424458639765236,0,0.0764233888315005,0.013226913979177,0.0518291949186869,0.0618360331221653,0.0163765475863039,0.0360214174378733,0.0655509913349031,0,0,0.091780117703553,15
0,0.0357148135384642,0.13278905625115,0,0.0244497067885831,0,0.0017986976733308,0,0.011372413317859,0,0.16269331552385,0.874365506893305,0.00737316180172919,0.00267205956006828,0.0183078243326913,0.337782642742255,0.0383216527251486,0.05155125938243,0.0349227562340379,0,0.0645796918991096,0.00833924720752108,0.0466853676513884,0.0727419098242209,0.0117316160409607,0.04634049891393,0.0567343644211432,0,0,0.0674136163132664,15
0,0.0290903931549841,0.0999246668812668,0,0.0271781305868245,0,0.00232964790986853,0,0.0116149453900406,0,0.133502110722839,0.874285083543538,0.0081723780257809,0.00259081781013573,0.0327549525431381,0.315844832773458,0.0500614383867869,0.0349949049633178,0.042056677370789,0,0.0732253868380595,0.0182217680748494,0.0535577957335819,0.0746617426730805,0.0157372685698678,0.0360888159406658,0.0618668272885024,0,0,0.0818990111687214,15
0,0.0338645520323692,0.124411632433812,0,0.0228886298604589,0,0.00175026969876455,0,0.00985451841719793,0,0.158346809513106,0.773396391289114,0.00777388428328404,0.00253430984753865,0.0199542493214072,0.358684533454709,0.0395383762827692,0.041076373188434,0.0351034413698698,0,0.0597800956237033,0.0113689661978352,0.0493245360426921,0.0849438581858356,0.0116355937095069,0.0431218689110938,0.0550800882201336,0,0,0.0629458778423039,15
0,0.0283342629470886,0.100126296150354,0,0.0293922834477131,0,0.00203341569808258,0,0.0107609844019681,0,0.136954258235384,0.918911805768523,0.00789763269606087,0.00282256013787633,0.0425913361684472,0.306743871759486,0.051829611887733,0.0307904504180158,0.0380487480513901,0,0.0861724631785584,0.0212169711620497,0.0471314326596583,0.0788029530071014,0.0142939691770661,0.0305444661380254,0.0668862149473903,0,0,0.0837048401623618,15
0,0.0362972096454755,0.119465375450634,0,0.0247390747533134,0,0.00153409289679832,0,0.00911202568777682,0,0.176177610088089,0.821030664245643,0.00767028558817239,0.00279426496767991,0.025319100394057,0.360034312903898,0.0413602051021941,0.0406605542549658,0.0315819773939687,0,0.0704541759831501,0.0130105064918728,0.0447757899651613,0.093887555453495,0.0110004031981918,0.0386779113082069,0.060393720558673,0,0,0.0671970671023795,15
0,0.0254904175377708,0.111133242408425,0,0.0314314477982078,0,0.00210612268399118,0,0.0115644631136961,0,0.122597473680699,0.854934945921076,0.00667237975751855,0.00259911948570891,0.0461817563589483,0.300061129466994,0.0621619339176219,0.0303200729809948,0.0373858905572885,0,0.0841279857598637,0.0239363122655211,0.0462342375485524,0.0674958568362809,0.0125381508069393,0.0269185696673409,0.0774268246991687,0,0,0.0927362671911086,15
0,0.0324285306220169,0.132606972736533,0,0.0260888685485972,0,0.00165635271659184,0,0.0102334841014373,0,0.160836990692253,0.761265475527762,0.00635712297445071,0.00245691201094653,0.0284575142099499,0.382421699103017,0.0483137588088757,0.0375856662301245,0.0315671000708227,0,0.0692349946381257,0.0154198430368456,0.0417121649071516,0.091374780063209,0.00978644274085434,0.0326306000536769,0.0685440354576255,0,0,0.0740507278150378,15
0,0.022972252978199,0.103555189333704,0,0.0442478654424638,0,0.0023928752242249,0,0.0128769754789015,0,0.10608267462204,0.89621341915118,0.00735606398119786,0.00263945311030429,0.0453789819375507,0.279780825500864,0.0696843363187799,0.0265194312862948,0.0408782330746926,0,0.0839834258396803,0.022046747707568,0.0462550019965338,0.0611021268355518,0.0102756450184403,0.0241057504762445,0.0794075385714711,0,0,0.0893578002918203,15
0,0.0293581496120231,0.129947548503741,0,0.0368749816489229,0,0.00183658324069646,0,0.011185965045252,0,0.150937755751559,0.809110779965735,0.00725281865074903,0.00259090062026319,0.0293350529684903,0.355065230003966,0.0551972641244779,0.0335983412235132,0.034202543625653,0,0.0698833364091131,0.0149669066595137,0.041119959512442,0.0850484937475607,0.00828682131580411,0.031379877581449,0.071283452731354,0,0,0.0711412509726542,15
0,0.0240824576758365,0.114370435839143,0,0.0417811386396401,0,0.00208538221518781,0,0.0106572929064092,0,0.104331586552379,1.01631991170615,0.0083799854656955,0.00251635893877729,0.0530725710840186,0.263516304161518,0.0661607124420836,0.0332406515381799,0.0429916698010712,0,0.0731483684539853,0.0214350918853207,0.0475505922122738,0.0581451342705666,0.00869267024362633,0.0274313649048811,0.0710940390205105,0,0,0.080117056886216,15
0,0.0307406047969244,0.156535946756202,0,0.0363591388100935,0,0.00161207415649439,0,0.00949653590344386,0,0.145831164109804,0.917293203393783,0.00773644747092454,0.00245009391447413,0.0353898555872798,0.353996255407446,0.0548230691523207,0.0405173633684909,0.0363671680009895,0,0.0612942009880077,0.0147566626361145,0.0432668499781316,0.0802767116001341,0.00672846383725098,0.0343665645249802,0.062201754908355,0,0,0.0630709206295559,15
0,0.0264453869366258,0.120371729313743,0,0.046056768030461,0,0.00224852901978205,0,0.0110113155596186,0,0.092614708798918,1.02497484745625,0.00811930888824491,0.00234373225855255,0.0593060630413873,0.25986220626992,0.0705700814598167,0.0380651956470829,0.0424010796432577,0,0.0670619673666557,0.0226236127765991,0.0450544750191293,0.0503419151498749,0.00883641288285727,0.0298106601824099,0.0600851568390964,0,0,0.0748900526644622,15
0,0.0315343315610267,0.155615995108866,0,0.0405513629017853,0,0.00170372447258,0,0.00951362509720317,0,0.135453418313484,0.933830489053636,0.00777481450346892,0.00234823736376424,0.0405790004511912,0.348647450527051,0.0585113248903582,0.04745049370096,0.0367414042203387,0,0.057480349906452,0.0164147254707442,0.0396562440750879,0.0862898401464811,0.0063374630773499,0.0357679359182689,0.0547501788874905,0,0,0.0583191779273656,15
0,0.0287685341143368,0.121666965999753,0,0.0431056395937882,0,0.00228061873664045,0,0.00983670128289655,0,0.095871473729623,1.07555075949771,0.00807288330587435,0.00239809988708996,0.0533867622884649,0.252893770839191,0.0698901800834041,0.0506318083985427,0.0436596792534164,0,0.0765207431454727,0.0212892658144958,0.044002119686977,0.0548594723864972,0.00842583065599289,0.0330534935525228,0.0588358056396584,0,0,0.0602633877255812,15
0,0.0331704478621567,0.15803556580883,0,0.0377675886392609,0,0.00170364669796878,0,0.00836284405665469,0,0.136783639579549,0.957719876453722,0.00776984153875267,0.0023197159511425,0.0356337619284068,0.331283374474115,0.0570805688589939,0.0562036227657969,0.0376404879351064,0,0.0661518926727984,0.0153367426396914,0.0397689020615813,0.0855554763184856,0.0057058296218131,0.0402842652222036,0.0540489350037099,0,0,0.0454568992938112,15
0,0.0354666599058552,0.126434948294115,0,0.0393584114219801,0,0.00240385904035237,0,0.00870317190740765,0,0.0924079605556815,0.990138636108957,0.00774421816248132,0.0024624098426973,0.0587802429085366,0.28370342349354,0.0795616480428347,0.0558276663355785,0.0452425624599694,0,0.0693503066085116,0.0206745268153027,0.0442301749883052,0.0437216230541743,0.0100480624631716,0.039763536496786,0.0610239595268938,0,0,0.0625372094636977,15
0,0.0387095781669984,0.169544232009719,0,0.0344795364686792,0,0.00176262024421773,0,0.007225499904592,0,0.123664575176999,0.889831875591887,0.00736941851641375,0.00240783272899387,0.0427829997805245,0.358345759014511,0.0646670154845849,0.0609508708114284,0.0376646325098198,0,0.0589123336884896,0.0151166857872249,0.0395900083251959,0.0717744265405134,0.00656894519932818,0.0441601912608564,0.0536515965776751,0,0,0.0451687777039642,15
0,0.033263283990729,0.115978507723498,0,0.0409210183639112,0,0.0022711913751686,0,0.00886800779094236,0,0.0838986392035891,1.11915783758087,0.00653081427092758,0.00278042654235173,0.0521547704381405,0.240873953643792,0.0811048672307114,0.0621225679315129,0.0518807522394171,0,0.0697182047090958,0.0165697321877995,0.0414026499751824,0.037028763985395,0.0112502360982368,0.0489831405891078,0.0571675472044655,0,0,0.0694411804072992,15
0,0.0387843399074815,0.156010001962457,0,0.036550956891055,0,0.00170300811373418,0,0.00708953047419645,0,0.113271273863525,1.01142359677657,0.00639369578133551,0.00269863377654563,0.0408763133743687,0.324052905248649,0.0698174960937027,0.0718247351469185,0.0432577230349755,0,0.0599141706778558,0.0122972093153555,0.0370793981507787,0.0566667181672825,0.00704737192650818,0.0560696998281526,0.0517490233429951,0,0,0.0472768866064228,15
0,0.0308648438384092,0.113301048502548,0,0.0441356464116708,0,0.00252436745003727,0,0.00983427717448263,0,0.0813211690284451,1.17264298839501,0.00637392148243941,0.00255060682813094,0.0380939487523737,0.222548327507578,0.0744302780609734,0.0546221921636794,0.0496924831295062,0,0.0682870886729402,0.016768806775556,0.0381790609675619,0.0409215600508166,0.0124029630792996,0.0527421177872579,0.051159305207292,0,0,0.0905772620138184,15
0,0.0422254174869866,0.160662065859632,0,0.0398191797635714,0,0.00181431686468045,0,0.00791609253730725,0,0.112762793292368,1.0607770889216,0.00620281777277463,0.00247909018837722,0.0296457037167413,0.311695024677935,0.0647537285358088,0.076048768997666,0.040102803394597,0,0.0607137267860001,0.012601719929847,0.0335799612409806,0.0530768236334112,0.00776540951617459,0.0751579570981906,0.0444317625605779,0,0,0.0613765111895584,15
0,0.0307398624366973,0.116000243586698,0,0.0370681780152065,0,0.002440527433327,0,0.00964648827139596,0,0.0819236066168323,1.16901899266565,0.00563605942156475,0.00247810790540771,0.0383566926019908,0.223184753342704,0.0724793704098494,0.0480876990594461,0.0555663983955284,0,0.0650708142312908,0.0165136989943354,0.037773151889319,0.0404087046013123,0.0143986680170329,0.0503815569287744,0.0466477750063849,0,0,0.108978979724264,15
0,0.0448210600615714,0.162118372616346,0,0.0337463422488465,0,0.001790297335015,0,0.0075285983710935,0,0.113184647053211,1.07792877068702,0.0054586315434812,0.00245133118387222,0.0297718120893317,0.308016401773777,0.0632627224108099,0.0725698904537877,0.0437413154599588,0,0.0580282511982139,0.0124259362518899,0.0337254730557614,0.0516800351615748,0.00934196296810126,0.0766587168984471,0.0422364919371625,0,0,0.0752444973689236,15
0,0.0336346483348179,0.0956039202759939,0,0.0383357752450328,0,0.0026715667058204,0,0.0101414681307352,0,0.0733436380524088,1.31202992325229,0.005741277588338,0.00255654070835919,0.0355659134108562,0.208009463965305,0.0648783621642642,0.042280303336353,0.0655435094767055,0,0.0574779036138105,0.0161257279863952,0.0441878019799511,0.0412334906106907,0.0144579226195678,0.0558005097204203,0.0419001243342745,0,0,0.112820208978763,15
0,0.0530593795023923,0.138580381209641,0,0.0353471571205882,0,0.00182119070439744,0,0.00812599237935252,0,0.101229099327645,1.19494565638123,0.00554811625821033,0.0025264610044646,0.0276862207935715,0.299684100429123,0.0576683274955358,0.0673972097281487,0.0510056674504183,0,0.0512631019245388,0.012788222221404,0.0420935632776856,0.0562972908086084,0.00987051235016095,0.0904127437412184,0.0375848499942549,0,0,0.0766077510969048,15
0,0.0332382862568675,0.0947231793526612,0,0.0330699801353012,0,0.00317010006037284,0,0.0104829029339866,0,0.0713784725548341,1.25737663069376,0.00511351842900755,0.00230022697069219,0.035155022103367,0.231041009354682,0.0621107946816228,0.0433114961031167,0.0661639490415139,0,0.0572535787793606,0.0140916823607947,0.0434952701195973,0.0443293959424722,0.015961624815272,0.0548656078836019,0.0397328088164488,0,0,0.117938452361791,15
0,0.0486616630240449,0.128496632421622,0,0.0303152388270853,0,0.00220129348183968,0,0.00837285312451563,0,0.0943071252445324,1.152788220776,0.00490657353551847,0.00231966107381221,0.0265604700024851,0.322611700256947,0.0539032400810412,0.0660073093968548,0.0506924160313574,0,0.0497371688197712,0.0109602673277435,0.0401133523100248,0.0576995353853222,0.0108766613117471,0.0856210294850111,0.0353057143530567,0,0,0.0800344379247515,15
0,0.0301434174989822,0.0880602302836897,0,0.0339088551168729,0,0.00314215571567031,0,0.0120525422134247,0,0.0824190207362699,1.25458971242866,0.00437199784445238,0.00247345810507044,0.0415886820558189,0.25279480258205,0.0651558843708384,0.0348417386421294,0.0710762522332129,0,0.0450075506020372,0.0143615655651304,0.0455551086014953,0.0481637912853881,0.0169042662703585,0.0433303533993947,0.0439173923243576,0,0,0.120543391564588,15
0,0.0480661853262375,0.131753194588738,0,0.0296593079036482,0,0.00222689115221853,0,0.00966764088319015,0,0.110772383096399,1.17785674195838,0.00417587012613362,0.00242107326839157,0.0303428905316118,0.349180350146943,0.0563607088405869,0.0542931009835328,0.0559475735327687,0,0.0391673565675032,0.0106424617258575,0.0443469661534578,0.0698156896703745,0.0120787751161114,0.0711418275361795,0.0385196688066985,0,0,0.0880780492155173,15
0,0.0258212948427844,0.0946405136983863,0,0.0269824327101438,0,0.00312561388479111,0,0.0125491499731383,0,0.0686015326116584,1.32048550194977,0.00447465339821611,0.00268551201952773,0.0345707775589946,0.270593305325297,0.0790613188237555,0.0340482234693252,0.0755081215992629,0,0.0467200763941098,0.0148453909907341,0.0470956371646074,0.0676973117866112,0.0162099978741531,0.0393527459364071,0.0446388014336936,0,0,0.11508861499159,15
0,0.0446239998053056,0.134314761462367,0,0.0247665563079433,0,0.00228707587005741,0,0.0101516990144134,0,0.0958253548363694,1.2397773967867,0.00429866519077595,0.00266576993943708,0.0230261244336054,0.37277404339231,0.0690322796898414,0.0547574832242576,0.0605066340556071,0,0.0406736032259594,0.0120391777642464,0.0439959151505546,0.0779140732505962,0.0118987790794582,0.0644280527140322,0.0392165018435127,0,0,0.0882894968266549,15
0,0.0233340597031185,0.102649208558773,0,0.0272325237220161,0,0.0028753821408084,0,0.0120906177804689,0,0.0773360274662012,1.26857351092266,0.00451876217666466,0.00258211868353293,0.0424519391838892,0.268559333450735,0.0882286430139874,0.0294019162763159,0.0798173102194894,0,0.0453601106578374,0.0141265121615627,0.0496584158464077,0.0623329010829203,0.0152607212471449,0.029362679416832,0.0474451083503347,0,0,0.112547356798229,15
0,0.0351212216341335,0.135564019566471,0,0.0239084762684446,0,0.00212781173889967,0,0.0102282485080006,0,0.102297453736701,1.13139503634095,0.00429625952874446,0.00247047567797665,0.0284129859064593,0.382797819677644,0.0758598454935083,0.0429254048725855,0.065546449952865,0,0.0392225068666385,0.0108499945702558,0.0451124619524443,0.078351680600324,0.0120467148879878,0.0443530346428129,0.0428546563217978,0,0,0.0893463028720603,15
0,0.0216664580798389,0.0911840482163973,0,0.0304171038243776,0,0.00287411300977215,0,0.0100574237856944,0,0.0841245715398056,1.29735504204045,0.00465577170031926,0.00280720078198391,0.042085111367634,0.269135265511366,0.0878201806866133,0.0327306516770781,0.0835401031824276,0,0.0463319253757424,0.0130356560142634,0.0535055264150049,0.0586268734042731,0.0126788520419905,0.0290699883653395,0.0499486120541723,0,0,0.0931612920113505,15
0,0.0322243800803104,0.135222243902247,0,0.0268642730573981,0,0.00225144544673339,0,0.0087101459053232,0,0.115374005490355,1.19491221494974,0.00446570282075986,0.00282893248900159,0.0286622317408221,0.370240008090158,0.0761019475517024,0.0453218685967105,0.0720923821189008,0,0.0398578666984109,0.00966098421811253,0.0505978940044316,0.0824918734716224,0.00988453493175154,0.0459023850871891,0.0444393330188738,0,0,0.0759806195368183,15
0,0.0234953387734837,0.0952861907426466,0,0.0278230386643782,0,0.00299853757241432,0,0.0118766889112729,0,0.085776106707721,1.35545104459263,0.00466941371865685,0.00294073673450961,0.0493955016316119,0.243334195818046,0.0886966318475135,0.0366250237017024,0.0887594889844742,0,0.0451926123517782,0.010869890379943,0.0486309774420219,0.0630154046723136,0.0109291043503397,0.0356225180440038,0.0563102418412488,0,0,0.0811239383336211,15
0,0.0324079909242912,0.13482123930983,0,0.0249085358152586,0,0.00228989367665122,0,0.00995240479904033,0,0.119018243944142,1.25134632697115,0.00451064389840851,0.00285269002262143,0.0326640124639613,0.360145005491846,0.0789081121674609,0.0468486159729177,0.0728304521418493,0,0.039536316613443,0.00806433047854484,0.0469131875992314,0.0906999652875274,0.00822765631429805,0.0472348139148446,0.0491475343214592,0,0,0.0627800057464683,15
0,0.0269770384320191,0.109522960875471,0,0.0282059917369899,0,0.00281045570241003,0,0.0121737910024659,0,0.101381173066921,1.21253702875301,0.00613592392435158,0.00289531816849398,0.0535018074540645,0.248620605153032,0.103110056788652,0.0440107924452598,0.0842066791818479,0,0.0433873925673781,0.0122507109699091,0.0458181543636855,0.0511067505007443,0.0107205900023794,0.0362665787530631,0.0583253717384692,0,0,0.0637939300587122,15
0,0.0371697837598179,0.145646864907786,0,0.0245730085059807,0,0.00212272319529775,0,0.0101524481039871,0,0.141347752593209,1.10165659774641,0.00601610048952437,0.00289876173738509,0.0384695462372442,0.333318793424999,0.0911715831169425,0.0517367119069361,0.0727458644077647,0,0.0379524353547112,0.00842358132768239,0.0420414961308771,0.0718460021374812,0.00778052297927729,0.0496372408887219,0.0515941862353748,0,0,0.0494374716525912,15
0,0.0269184283822261,0.126766904481107,0,0.0310334777038841,0,0.00276902582981676,0,0.0110878477078381,0,0.104776795166989,1.05859461776196,0.00716179312043465,0.00282895464354732,0.0535695335885419,0.231105228824731,0.101994160828285,0.050445243807151,0.0864063539001369,0,0.0481203263033015,0.014650322305162,0.0526163543333266,0.0365432002037556,0.0110819177304352,0.0412143796842893,0.0619671999000062,0,0,0.0604264702470479,15
0,0.036582052556145,0.161666967991407,0,0.027659501160471,0,0.00206728074242779,0,0.00908177850482263,0,0.143460014715032,0.914801399099526,0.0068243451971856,0.00268845301333166,0.0413214914604309,0.289026800684777,0.0864853060034414,0.0609998475700688,0.0730315742687422,0,0.0410978489308794,0.00991263809221112,0.0475579263448771,0.0557284931911598,0.00764801300532862,0.0535563500610948,0.0542474398386015,0,0,0.0459691370550181,15
0,0.0261083232137431,0.124970457230456,0,0.0262070450025953,0,0.00307146203574521,0,0.0118267130176466,0,0.105948983528733,1.09349195164544,0.00705620535624466,0.00334088579503899,0.0432503946044316,0.200156011720101,0.0938512389742815,0.0636173687903169,0.0841379175558661,0,0.0475914064579528,0.0156524294426019,0.0510758720649006,0.0405182064324219,0.0105219393777288,0.041805778067029,0.0565756462111492,0,0,0.0656548928670481,15
0,0.0336267747995647,0.172095836153883,0,0.0233570398052296,0,0.00223712870489358,0,0.00966422203585622,0,0.152093913020381,1.01636582642355,0.00693137954729638,0.00335541841204606,0.0336107740260096,0.265697544454978,0.0842015210500651,0.0758160997595902,0.070361258768383,0,0.0411036575288126,0.0105909514117341,0.0456059160508304,0.053608935091974,0.00661507478180035,0.0545148954223693,0.0518660817705913,0,0,0.0471181949216096,15
0,0.0311910211270969,0.138209257391517,0,0.0240363253739457,0,0.00285298049983314,0,0.0116498079011104,0,0.104519403465984,0.989841773722315,0.00685663346714158,0.00336777116812196,0.0403924343626661,0.220985043306801,0.0832778837386433,0.0762936768416366,0.0915364929011392,0,0.0468406220036239,0.0170235985667677,0.0561314924211035,0.0394834183337476,0.0129042439227565,0.0472973873943945,0.0593201932723732,0,0,0.0607909024768244,15
0,0.0404624841461583,0.177633374226202,0,0.020859359921938,0,0.00207123074740701,0,0.00938445343943708,0,0.137303343121746,0.884359347437958,0.00658418571936937,0.00340523126946962,0.0312829704600321,0.273028739187322,0.0724716238226105,0.089606002322716,0.0771843804887831,0,0.0403179137391619,0.0117201049069704,0.0485543406013322,0.05360356554298,0.0075887044838656,0.0606630586377729,0.0529101956084208,0,0,0.0424039313458986,15
0,0.0353716479171053,0.118954157669737,0,0.0206196991852409,0,0.00270083560784748,0,0.0105703494755195,0,0.0955347744871932,1.02931465563469,0.00692723687300322,0.0037146393367851,0.0402400273259901,0.246651624282121,0.0752797652615489,0.0899958362288803,0.0884035532664491,0,0.0429255869276398,0.0123945169913542,0.0562582302511985,0.0409437387510365,0.0132265527556706,0.0507480024606111,0.0520662075735717,0,0,0.0565516938009389,15
0,0.0421199884303467,0.15286482136165,0,0.0182993213535769,0,0.00189524891470969,0,0.00868715506813185,0,0.117930979912127,0.930977979454126,0.00670314985257184,0.00381291046198095,0.0307980889825285,0.297105378515387,0.063656002347922,0.102979721482695,0.0752363560306093,0,0.0363911805620051,0.00881531916350157,0.0500408652614612,0.0532867847922337,0.00718723087411601,0.0614124825055293,0.0480553340549179,0,0,0.0374463884209918,15
0,0.0369641529870965,0.107905665294079,0,0.0246013717626494,0,0.00260402146242503,0,0.0107509203901371,0,0.0993284217288756,1.01185451652863,0.00592980730712592,0.00354946953772664,0.0366873817580065,0.269387191454663,0.0682830921910468,0.106918250832048,0.0967934519871459,0,0.0464741151132275,0.0132894037000832,0.0514205013137573,0.0450253105792126,0.0189932660602365,0.0542342996231616,0.0521130321312131,0,0,0.0507551927560701,15
0,0.0427365049990132,0.13532545787101,0,0.0214816459413149,0,0.00189333634650811,0,0.00864223630103712,0,0.121003001438485,0.917206707536418,0.00585349219708039,0.00353683955070275,0.0278452340604181,0.31736732797987,0.0590569686745696,0.121642354436418,0.0813021953024162,0,0.0398582985400649,0.00940285808853275,0.0478027999038351,0.0522477544033658,0.00956112104180272,0.0639347467970151,0.047959742000422,0,0,0.0323233938364749,15
0,0.0358566735512798,0.117651805834124,0,0.0252298479229299,0,0.00291318849119603,0,0.0103902203974018,0,0.0960279886132798,0.904473496536568,0.00610478255817085,0.00338939878117868,0.0426194408731931,0.26006336375531,0.0767980864610028,0.0890873646965761,0.0982390805038811,0,0.0482677832250104,0.0140219008378663,0.0539342619886267,0.0331700429682228,0.0308052235464873,0.0542067282642198,0.0503396623131803,0,0,0.0626355216135039,15
0,0.0432232394430351,0.142639901193844,0,0.0222683272212058,0,0.00206436239225642,0,0.00799174585227432,0,0.114687949083105,0.809725052391776,0.00562005600660851,0.00342786702735737,0.0342781583672403,0.307917907318836,0.0650375713784922,0.12259970666057,0.0803167654518158,0,0.0404959206623645,0.00989506223586923,0.0482593462876269,0.0446404616483795,0.016119787712018,0.0630309871245167,0.0452403680192342,0,0,0.0406290565679286,15
