0.171795308590388,0,0.0013549218427149,0,3.99509134843581e-06,0,0,0,0.00129000512771342,0.320816964891807,0.0359792452359701,4.58677023589502e-05,0.0359792452359701,0,0.032077747597468,0.0388954167473619,0,0.0582998470296903,0,0.885302625674981,0.00163365049577724,0.0359792452359701,1.81858769301397e-06,0.0590052012963741,0,0.588548532246361,0.000834065152834526,0.102126668007707,0,0.675383893705383,3
0.175186452106652,0,0.00127543102958361,0,3.81237462250368e-06,0,0,0,0.00132878722333849,0.301983290704536,0.0489921804107547,4.583791505575e-05,0.0532789915293091,0,0.0542794264637614,0.0379415364708867,0,0.100170793962037,0,0.811459999479979,0.00176690592312646,0.0531165578120827,1.72211419445945e-06,0.0955198008764108,0,0.59705612874433,0.000869373016782533,0.104012532757928,0,0.787153037942748,3
0.178473662482812,0,0.00124198220699563,0,3.81703222754472e-06,0,0,0,0.00128845855994675,0.298596523041898,0.0288091381007863,4.57112050768131e-05,0.0310734759083563,0,0.0330133516222329,0.0375074780839107,0,0.0596703301982606,0,0.873995265730291,0.00176397372440233,0.0315060458586918,1.69510975468585e-06,0.0572413088370804,0,0.589549785244011,0.000878158860098044,0.102588767162165,0,0.796916792870304,3
0.1748419252502,0,0.00117264068139953,0,3.52713695133766e-06,0,0,0,0.00133775969134553,0.308103372534432,0.04243999020067,4.92456755652824e-05,0.0528193845973159,0,0.0560477585543397,0.037158826472968,0,0.0931341221036149,0,0.888887425796955,0.00209545221948892,0.046769712399493,1.62076309445284e-06,0.0872158099946344,0,0.612883701454101,0.000918036593661092,0.120665824801487,0,0.741987949335106,3
0.173732873376079,0,0.00113098501595404,0,3.54203147953012e-06,0,0,0,0.00137743256479197,0.307833577195876,0.0245113445760083,4.9213129920011e-05,0.0304791430040938,0,0.033156010139754,0.0376770264515274,0,0.050132583109926,0,0.891559955376559,0.00212801571508689,0.0286012557282426,1.64144066269374e-06,0.0502397769623473,0,0.605707393741989,0.000924254133064172,0.12068766726588,0,0.740475214999515,3
0.186916346664708,0,0.00118945074150305,0,3.42705391145689e-06,0,0,0,0.00143830971707953,0.350523539494185,0.0404154592403382,4.37076267367094e-05,0.0444180169088335,0,0.0507886107221792,0.0351663826173458,0,0.0778545868684198,0,0.938871227630506,0.00204865007004273,0.044471499359415,1.65629533661801e-06,0.0878904499966339,0,0.620955243268222,0.000996070305814135,0.127619713161448,0,0.78248572781726,3
0.187134244289061,0,0.00119841983331909,0,3.52798877827011e-06,0,0,0,0.00147523336263068,0.366970088139336,0.0233610742111839,4.40930078262667e-05,0.0261773426436915,0,0.0288288106521362,0.0335110439822443,0,0.0434140251190698,0,0.931593846132981,0.00199370034376795,0.0262050113847016,1.68139805709821e-06,0.0473741304069048,0,0.627990964833543,0.0010551808830485,0.128174599574621,0,0.782673704095252,3
0.191819083304663,0,0.00108902692345606,0,3.28392187698906e-06,0,0,0,0.00138024361746632,0.324889274166274,0.0419770250562308,4.70446162417922e-05,0.0381415387834502,0,0.0440881585691007,0.0361094857221655,0,0.0665529170478213,0,1.07653715227913,0.00192130354838423,0.0380907214559453,1.57600893410546e-06,0.0680823670285312,0,0.574159623834576,0.00110520623721903,0.13167783475259,0,0.945737039255165,3
0.195752340027827,0,0.00110646832834537,0,3.22103346552157e-06,0,0,0,0.00135901920910114,0.346774844172515,0.0232112458298257,4.83343225150189e-05,0.0209134693135882,0,0.0244089854620485,0.0356409583604272,0,0.035486057982859,0,1.01974191622414,0.00182361016965875,0.0209446043928858,1.57673121892486e-06,0.0365307975538855,0,0.557431039877605,0.00110199682581101,0.132844575137344,0,0.946453953854787,3
0.206560776034345,0,0.00107349575181559,0,3.3710535261089e-06,0,0,0,0.00126891896241859,0.335182616109305,0.0321957889955525,4.81839647315122e-05,0.0311148003259612,0,0.0342969631222965,0.0417409877270998,0,0.0590430676031932,0,1.00460726761589,0.00191544019168462,0.0362412264078281,1.5716480311958e-06,0.0569875221379035,0,0.551243233114334,0.00103890053704833,0.127878274482173,0,0.957064170817991,3
0.21289609542459,0,0.000975569739161073,0,3.41210888137098e-06,0,0,0,0.0012393679015348,0.339594467564373,0.0190320817210675,4.87646344706229e-05,0.0179578375213057,0,0.0200759426918415,0.0414080634214442,0,0.0345482982913633,0,0.999771755645065,0.00190789257853492,0.0204179207230462,1.56678685474673e-06,0.034345586225122,0,0.550229171254157,0.00106549193426884,0.116523572036541,0,0.947575452799348,3
0.217313610668142,0,0.000923385720989403,0,3.89058140029752e-06,0,0,0,0.00126117729354295,0.345808976799064,0.03164138244507,5.02323750863396e-05,0.0323359173597343,0,0.0312420162903668,0.0425598563105312,0,0.0527018380502219,0,0.884331304508662,0.00167099458363906,0.033102202808733,1.33885103598167e-06,0.0610196657563989,0,0.560457669363786,0.00100656089731478,0.100911529066624,0,0.961335114599977,3
0.212238852630389,0,0.000907234230413843,0,3.76560885550033e-06,0,0,0,0.00124845122424272,0.349444325369638,0.0214902534775353,5.10111897648195e-05,0.0217178667617698,0,0.0197699600188488,0.0422011062857577,0,0.0343981088244189,0,0.863266729188741,0.00160084235040968,0.0217878466750683,1.31678269723325e-06,0.0400099619659806,0,0.554239399712418,0.00100553794385785,0.0975951893441573,0,0.985664883870152,3
0.225267310396115,0,0.000815067535201353,0,3.75161787442875e-06,0,0,0,0.00116289886907302,0.373912799982512,0.0404736608531184,5.3904165020809e-05,0.0374122513435276,0,0.0339679366619889,0.045264215404029,0,0.0632714131223381,0,0.878286503060232,0.00169628853615752,0.0417823570810447,1.32472162215647e-06,0.0636297040110551,0,0.538632725868097,0.00101997239733347,0.105089185881259,0,0.958910760361324,3
0.219446856394343,0,0.000813901305819487,0,3.61066767438821e-06,0,0,0,0.00112148433236636,0.364067701870722,0.0256086666035644,5.28760193834885e-05,0.0239732509311093,0,0.0205462787379033,0.0445537181977146,0,0.0411205104427391,0,0.875052219985925,0.00169644351978285,0.0249621590695784,1.34027755300451e-06,0.0387277015592015,0,0.551263013131876,0.00102547789898175,0.102358188580486,0,0.966783877513695,3
0.210631766171866,0,0.000888403830238676,0,3.14364491835579e-06,0,0,0,0.00102510913517132,0.372179928536035,0.0417224965359823,5.19409816820371e-05,0.0428419387655017,0,0.0379239719967799,0.0474833110036506,0,0.0696218184707301,0,0.889571076731916,0.001685544400554,0.038170060941294,1.26389406332683e-06,0.07130103327225,0,0.536221306571417,0.00109587224987915,0.107619406692773,0,0.97254015747866,3
0.214724709785998,0,0.000848270985057779,0,3.05083551409148e-06,0,0,0,0.00102369443878788,0.365049845746946,0.0260566190630504,5.21417629316041e-05,0.0268104002177512,0,0.0224777323215856,0.049458613047396,0,0.0427342216347159,0,0.859550184652678,0.0016875216610138,0.0238920911486027,1.19519641624898e-06,0.0421760157075871,0,0.5222986427885,0.00105404941251848,0.103039718246634,0,0.937578435929316,3
0.200520433689157,0,0.000808788449542207,0,2.82999420153969e-06,0,0,0,0.0010538372711663,0.346530286874084,0.0428533796206946,5.65279831987441e-05,0.046018856214438,0,0.0373852502726254,0.0501529866173605,0,0.0695404115548086,0,0.965562358824161,0.00183688978756386,0.0403639425100465,1.20912485422212e-06,0.0670227102527618,0,0.510104506622172,0.00120093254652576,0.093872895991922,0,0.838646441137466,3
0.205970505855383,0,0.000803268799706648,0,2.85532029435575e-06,0,0,0,0.00108244910778991,0.354609495190023,0.0246526858935751,5.76392359829059e-05,0.0272266471002071,0,0.0205571253791898,0.0490229366795756,0,0.041551414902945,0,1.0017019445043,0.00178836140436694,0.0229266139620521,1.22211806949725e-06,0.0395289413574692,0,0.51674765173425,0.00120359928539456,0.0881334378209129,0,0.882009658682809,3
0.219576330742176,0,0.0008799650419468,0,2.65551425818193e-06,0,0,0,0.00101541415156967,0.367840017560783,0.0356302711507339,5.34858352466587e-05,0.0450126792298099,0,0.0313441864302673,0.0551989128631993,0,0.0634326457412775,0,1.06614911547093,0.00167959069602328,0.0360379472459114,1.06968279846946e-06,0.0672659507937088,0,0.484498863587221,0.00113812284032421,0.0923501522555886,0,1.0309492183156,3
0.221294474444976,0,0.000808399757186467,0,2.70454125889785e-06,0,0,0,0.00100849761110409,0.391856396147673,0.0203869076371468,5.34461041205993e-05,0.0251765358701066,0,0.0177354451547211,0.053962856769406,0,0.036671507203806,0,1.01499280275157,0.00163016833948269,0.0210148563607724,1.06010025983662e-06,0.0398878669187403,0,0.485481245792639,0.00111522541001874,0.090456908039901,0,1.03207147241939,3
0.222883662980569,0,0.000807725173724456,0,2.77383679429467e-06,0,0,0,0.00105058610477326,0.341394968886027,0.036466164271389,4.97625197411133e-05,0.0361797319870437,0,0.0318947009958858,0.0544919815472565,0,0.0596721906094042,0,0.871952614623608,0.00170543280062624,0.035063719967103,1.12716598590182e-06,0.0643723476028491,0,0.45113255988636,0.00113549383127791,0.0828778297143829,0,1.02839486268515,3
0.224115552223615,0,0.00078045921713639,0,2.76933004447749e-06,0,0,0,0.00105723715443965,0.334481439752179,0.0241280546825608,5.12123274017424e-05,0.0234084251840273,0,0.0197585128919418,0.05573253115641,0,0.0402638286750353,0,0.841174284588635,0.00165537044492133,0.0232172588007608,1.11617723763269e-06,0.0416745331870209,0,0.436290995745794,0.00118510989076961,0.0807077942259374,0,1.03416550289707,3
0.223084588781971,0,0.000680307107869742,0,2.9892763413969e-06,0,0,0,0.000972461799147708,0.348081442658726,0.0415720202173184,4.89017597127708e-05,0.0407093801649042,0,0.0358319317266969,0.0480886369513085,0,0.0743461954681847,0,0.737739638677364,0.00170823367615746,0.041574935409969,1.07551003283597e-06,0.0722403659849222,0,0.486620302477367,0.00112793516812912,0.0735852280242123,0,1.08023319476751,3
0.224767782586073,0,0.000654012973616963,0,3.03425468978766e-06,0,0,0,0.000952890392605103,0.346873824098042,0.0284832431168706,4.99464612144045e-05,0.0273170091768808,0,0.0222129283486673,0.0477839249406266,0,0.051713662606115,0,0.738221699606832,0.00164868416307213,0.0286131639189985,1.07006495761054e-06,0.0517873439547753,0,0.468732961101293,0.00110175241542408,0.0709630811759022,0,1.07644329836409,3
0.260804144421422,0,0.000701036388750007,0,2.81708483033435e-06,0,0,0,0.000932822252390926,0.345869887320835,0.0482030448114379,4.89732909799535e-05,0.0498353791800594,0,0.0342100458149751,0.0472776890185575,0,0.0986427555536024,0,0.736472678051089,0.00159038995082238,0.0509336713706503,0,0.0946587256424431,0,0.436834374200901,0.00134663997367298,0.0747165738831514,0,1.10317785923755,3
0.266860660240401,0,0.000698156999366397,0,2.81773733375755e-06,0,0,0,0.000937744189217815,0.347377082397666,0.0307102479982721,4.9828320234762e-05,0.0311648891798361,0,0.0210956979890823,0.0473033148409304,0,0.0631039284283914,0,0.757978541420709,0.0015527749687558,0.0308593900343487,0,0.0624403400404913,0,0.416946275794509,0.00135793448155829,0.0736578757854528,0,1.09770051330337,3
0.2749622033221,0,0.000635205638082944,0,2.88663944455229e-06,0,0,0,0.000897220693818458,0.372364463255341,0.050909797781255,4.57712419951875e-05,0.0526744792652487,0,0.0325252716493143,0.0467807829716309,0,0.109466565549293,0,0.747583745501352,0.00129845029631085,0.0515898568815934,0,0.108656759681104,0,0.373724160191893,0.00116680866988833,0.0729810939044345,0,1.01184922016379,3
0.280640491754146,0,0.000637995353969261,0,2.80727261458363e-06,0,0,0,0.000915819681875485,0.376505063548055,0.0299105471381264,4.28887204205324e-05,0.0322625367944143,0,0.0197774947656309,0.0460919509954542,0,0.0706054644867636,0,0.773718395718276,0.00124388193341879,0.0311414920737854,0,0.0672593110938331,0,0.361433732811415,0.00112435171950656,0.0780051744618978,0,1.03468029300144,3
0.277491137723143,0,0.000540181592585737,0,2.70036774395757e-06,0,0,0,0.000869545701795551,0.355419161727728,0.0513606142401236,4.3855521505233e-05,0.0492813155935494,0,0.0333259565936858,0.0473721314201632,0,0.110670343397109,0,0.797741560172741,0.00129982048391479,0.0527255769584408,0,0.120964039849387,0,0.305290865429193,0.00100321617971313,0.0829128862051678,0,1.01996792757896,3
0.277221173163269,0,0.000525271506904022,0,2.69816310407151e-06,0,0,0,0.000887520209173179,0.365137837054427,0.0309509549594999,4.481322562209e-05,0.0300702307745666,0,0.0195072324135339,0.0467876677069734,0,0.0683401234793218,0,0.843625133058153,0.00124705594721603,0.0307476453036634,0,0.0711953064379543,0,0.299971757920073,0.000985221967769342,0.0815355708431059,0,1.05053946989609,3
0.269483329695839,0,0.00046336150130094,0,2.50408717333399e-06,0,0,0,0.00088085040599527,0.405287394705234,0.0432179032167202,4.60372795105879e-05,0.0564533660346674,0,0.0324149815750652,0.0474315670057186,0,0.107625025615851,0,0.79666926129412,0.0013239218348611,0.0540650166656509,0,0.116474782500813,0,0.294497309028457,0.000952747480159497,0.0927418544512281,0,1.01087851795908,3
0.270400050111395,0,0.000439087294847521,0,2.44142517099886e-06,0,0,0,0.000863294776313762,0.404881555789864,0.0263593146792739,4.82328356839212e-05,0.0310769236711875,0,0.0187912554436637,0.0443962147546069,0,0.0643643324124197,0,0.826021944423658,0.00128811810792032,0.0317134716625854,0,0.0704140181776952,0,0.285161051537715,0.000959933787891517,0.0953231167387683,0,0.990181891367722,3
0.233422432839566,0,0.000430999299686758,0,2.55654452717852e-06,0,0,0,0.000845904852597285,0.452895813963929,0.04190990445415,4.63690036286375e-05,0.0502490641437629,0,0.0299484903477304,0.0378993448432614,0,0.102006336149173,0,0.871210028519069,0.00108878963835426,0.0489717112819455,0,0.110018620976931,0,0.281261230249,0.000945953481142346,0.0900702766986292,0,0.995441869629027,3
0.239019437882743,0,0.000413320495913607,0,2.60597994796469e-06,0,0,0,0.000851274577743061,0.4401133896116,0.0259116065145168,4.67327169777366e-05,0.0294061275810683,0,0.0182829276081213,0.0370491135604798,0,0.06056211827212,0,0.875664042842927,0.00109625912657922,0.0287965328152009,0,0.0646517800627366,0,0.276767075560916,0.000919767428509695,0.0909573884042572,0,1.00343902335639,3
0.264664243466011,0,0.000433214014575261,0,2.65178693207528e-06,0,0,0,0.000916849594093936,0.41671862397403,0.0401970618571452,4.61344477945377e-05,0.0450231872270228,0,0.0301188668972277,0.0365686019900919,0,0.0826303557100217,0,0.942437701792662,0.00104288326399733,0.0419351088006878,0,0.103955275965013,0,0.299444008225446,0.000953905600078694,0.0885848083628693,0,1.03371551636704,3
0.271110464561366,0,0.000413191189923192,0,2.79257036206481e-06,0,0,0,0.000952790428827514,0.422174535867085,0.0234556153205404,4.71404701108505e-05,0.0251158869535227,0,0.0184436777157326,0.0372666537569235,0,0.0493550612850129,0,0.945630754784529,0.000998287248347344,0.0247595160299932,0,0.0581058263258816,0,0.295992362401935,0.000940111853416741,0.0898470345412382,0,0.989529027950779,3
0.26499231879307,0,0.000405051075466875,0,3.13374896226761e-06,0,0,0,0.000968366071911972,0.460082523672758,0.0423318169516901,4.94638144704936e-05,0.0366089001305269,0,0.0311603849165028,0.0379747451656846,0,0.0750648544122947,0,0.978204395127463,0.000982399920294854,0.0413061079778229,0,0.0807683855298223,0,0.328720752370619,0.00097286481848252,0.0852716760750215,0,1.06167865495071,3
0.268667112335963,0,0.00039878045075383,0,3.14407925769687e-06,0,0,0,0.000963654562764432,0.454438663294954,0.0244665425581692,4.76784487118035e-05,0.0221564793394854,0,0.018531018769091,0.0376188659933088,0,0.0445609415466504,0,1.01348413554899,0.000958809135686998,0.0234982016060657,0,0.0481542513351437,0,0.312013161234156,0.000981831242731029,0.0813284324611045,0,1.09517557132074,3
0.271315266520207,0,0.000412787479033617,0,3.16091060973237e-06,0,0,0,0.000938099756561143,0.485598711487069,0.0387044940813183,5.1435094371036e-05,0.0336517806881042,0,0.0303309628759366,0.033732923642072,0,0.0864771304692464,0,0.910086299952226,0.000906824700136851,0.0380245305117136,0,0.0730841266428279,0,0.275947549286889,0.00110296912561906,0.0685897894451722,0,1.1916860526267,3
0.271486289817164,0,0.00040175722569063,0,3.14141727506416e-06,0,0,0,0.000942621555827478,0.506591477451094,0.0237823351572825,4.8536557454907e-05,0.021380293310317,0,0.0187815739694162,0.031137338288816,0,0.0536158401757663,0,0.96935850409905,0.000922019790631953,0.0232664819031398,0,0.0445567688731474,0,0.261540606246392,0.00108819199798402,0.0652882441262831,0,1.19820175657929,3
0.264463794523296,0,0.000390216945857268,0,3.00433021306676e-06,0,0,0,0.00091692121347122,0.504911920001738,0.0384215435399438,4.87739170209926e-05,0.0385135853737199,0,0.0292807767352431,0.0337460506087065,0,0.0808707051646533,0,0.998840522347393,0.000952896562402511,0.0376060169055474,0,0.0742944126726827,0,0.294392272849496,0.00108869461606263,0.0700680977243603,0,1.15858947358231,3
0.25467750394633,0,0.000375438465942185,0,2.83210273493688e-06,0,0,0,0.000885992655504975,0.510143553259945,0.0227013139608564,4.92797351072885e-05,0.0223445483751257,0,0.0169259385534574,0.0321169883158492,0,0.0460853448159079,0,1.01524134950955,0.000904751467586162,0.0223000694038947,0,0.0440531047465261,0,0.284455978311722,0.00105787211161642,0.0675425269302969,0,1.09778064134475,3
0.224828220267268,0,0.000348804374064632,0,2.99666238431953e-06,0,0,0,0.000820858400558449,0.486817776191479,0.0445065762566502,5.14677574437915e-05,0.0366281953078971,0,0.0281188387423271,0.030392413727703,0,0.0785207281839911,0,0.843756427679386,0.000897049338958147,0.0365688395371038,0,0.0697096790976904,0,0.264002939398445,0.00110578097068208,0.0694164030581205,0,1.21603995319894,3
0.230774353986867,0,0.000339159690571602,0,2.99919694198963e-06,0,0,0,0.000817316677539673,0.473198907025781,0.0289605406912084,5.21798881130621e-05,0.0245782495728015,0,0.0191493901257726,0.0299100582771667,0,0.0525632723899119,0,0.826551833011558,0.000870906476755496,0.0243555426813598,0,0.0461288048985958,0,0.239923373734118,0.0011360880108009,0.0683088477667822,0,1.24728347348164,3
0.237401344727701,0,0.000337204744362864,0,3.05935961203344e-06,0,0,0,0.000805676003076875,0.451873235805114,0.0531849255186038,5.24538160213973e-05,0.0399331836015608,0,0.0304035394959704,0.0296539389234651,0,0.0959884614824422,0,0.840138744518805,0.000892477811676345,0.0454746165328449,0,0.0769722511970553,0,0.221718813937062,0.00105996107744823,0.0643395019013105,0,1.26505498797919,3
0.230608520144442,0,0.000327473861986483,0,3.13256399896386e-06,0,0,0,0.000800219054133099,0.476511463458483,0.0324364621181613,5.42445827587534e-05,0.0260544096212834,0,0.0194623959784898,0.0293987810256408,0,0.0612657449863799,0,0.807333756543636,0.000931268434660031,0.0291076048390565,0,0.0501055903768529,0,0.217375311094301,0.00101806782894137,0.0629200924193428,0,1.20516678379447,3
0.230216937081467,0,0.000309393047921714,0,3.09074580423539e-06,0,0,0,0.000871205620936087,0.497311915544002,0.0567626264440365,5.50473179490062e-05,0.0436060025368402,0,0.0329150380167145,0.0315331681793839,0,0.10545244456786,0,0.912093822555977,0.00101169726250924,0.051242861133199,0,0.0887338545509689,0,0.208602592243377,0.00104241366728103,0.0612443284120137,0,1.11911583166046,3
0.227202891056367,0,0.000284364997745521,0,3.23120274019823e-06,0,0,0,0.000857202373365317,0.49271359766645,0.0326501454785553,5.60933308397467e-05,0.026354803948663,0,0.0197644305493946,0.0321341876495162,0,0.0633965939918195,0,0.936529573689561,0.00100947351054314,0.0310448615077154,0,0.0547206463218912,0,0.203115488866512,0.00101563088613617,0.0619337918441132,0,1.10622338811172,3
0.262377012762814,0,0.000265275530388242,0,2.86854377386283e-06,0,0,0,0.000964119998047084,0.505589465920185,0.0504541509512702,5.57525847746183e-05,0.0451243561835894,0,0.0282615874570708,0.0304315400077066,0,0.0956313997487435,0,0.97590540854955,0.000961829080281218,0.0472885655206389,0,0.0771655604333579,0,0.224616622868468,0.00119594232583189,0.0631788886811275,0,1.05294287919339,3
0.263093677490408,0,0.000248834730920261,0,2.8124678012365e-06,0,0,0,0.000978351746558664,0.508262760027685,0.02899927118787,5.52470140901743e-05,0.0258073145528184,0,0.0169548770243841,0.0294960726809354,0,0.0539059815934253,0,0.967326258588994,0.000991223862989564,0.027934861635591,0,0.0449495945862695,0,0.218128592228985,0.00120935829483553,0.0615216026458136,0,1.05649981766384,3
0.256853573496813,0,0.000238397890905222,0,3.31692686982173e-06,0,0,0,0.000969806855753118,0.481245910282296,0.0445692761472423,5.69408836156408e-05,0.0442063699246057,0,0.0240255496570876,0.0314973411694367,0,0.0903730332288824,0,1.01977603928339,0.0010053553263278,0.0472086876768136,0,0.073727657282152,0,0.232243631122947,0.00103210450469292,0.0584135317819657,0,1.01160543564869,3
0.24909811727283,0,0.000228732427863941,0,3.32102047848933e-06,0,0,0,0.000976913789589384,0.489840650091812,0.0258856287058418,5.79608493434965e-05,0.0261339311293846,0,0.0143547005303043,0.0303307346602112,0,0.052433741481079,0,0.972878096722812,0.000995025958413684,0.0271783520747966,0,0.0448335205568113,0,0.236752325341632,0.00106160516562203,0.0575198586031021,0,0.996267279044104,3
0.214953250450109,0,0.00022267364417538,0,3.24598374854085e-06,0,0,0,0.000919605169172311,0.555129733710753,0.0459053716934785,5.81320151279582e-05,0.0422031953675805,0,0.0218212674371582,0.0332760639808171,0,0.0857751496417687,0,0.962006584144428,0.000927127006023644,0.0449724851022543,0,0.0710580523555833,0,0.225122581034469,0.00112684142741713,0.0563331830526129,0,1.03179812237427,3
0.212996592916133,0,0.000221790596277566,0,3.2092912231013e-06,0,0,0,0.000964155216037781,0.554850539066935,0.028151228858263,5.72554304933989e-05,0.0260627684386309,0,0.0140042884809872,0.0338394929699195,0,0.0506118849974758,0,0.99728426111238,0.000936764228581215,0.0266332381024473,0,0.0464104384497557,0,0.212751037994715,0.00111884973625843,0.054463821491703,0,1.00354456953829,3
0.22598230428733,0,0.000238425230474637,0,3.65601065121573e-06,0,0,0,0.000987853104174654,0.53717266932698,0.042011856114931,5.73135656235429e-05,0.0398743424081675,0,0.0194059525935841,0.0347138888294313,0,0.0834789572132759,0,1.06049143118428,0.00082951672725144,0.0414717250450459,0,0.0789564654543101,0,0.200539504862486,0.00106706511721659,0.0498855741438715,0,0.941805275988878,3
0.217647486654776,0,0.000220284104173217,0,3.71958193384315e-06,0,0,0,0.000950010471250214,0.547588560284738,0.0241829821455085,5.95104639364449e-05,0.0243129949576437,0,0.0117922186714701,0.0331680987929778,0,0.0487887041261301,0,1.08942215062166,0.000855133440357871,0.0248769570022403,0,0.0445929476406703,0,0.188063908077817,0.00103171088784482,0.0479228422621647,0,0.960460636498748,3
0.214635936857105,0,0.00020314949235432,0,3.79164981177851e-06,0,0,0,0.000895528146336352,0.513232151433111,0.036610505092574,6.06906577651066e-05,0.0399117673869434,0,0.0174553035722297,0.0331069210176091,0,0.0870506035541518,0,1.05362989467244,0.000719055847898865,0.0428916058191826,0,0.0715919470103153,0,0.204919121217933,0.000961621534310098,0.048688532986531,0,0.967962922748184,3
0.210350994625688,0,0.000189979899798839,0,3.69445119188621e-06,0,0,0,0.000898381613238933,0.508826955650112,0.0218466976986917,6.01005886157706e-05,0.0241324724452375,0,0.0107756020308114,0.032956692776076,0,0.0498186631041581,0,1.08840310824235,0.000688855970373071,0.0259456984794715,0,0.0421948429464904,0,0.196389093595596,0.000920367662725485,0.0511667820246613,0,0.949864391161421,3
0.201608722522353,0,0.000183708050925377,0,3.74776877366799e-06,0,0,0,0.000827893342315388,0.518608328777211,0.0384662091058136,5.17466796149989e-05,0.0372882425262483,0,0.0187815058668863,0.0342073375117158,0,0.0807156490582857,0,1.06505904620992,0.000658856316417261,0.0376117086377555,0,0.0621767678035548,0,0.186953534369568,0.00100547433747077,0.0487237488850946,0,0.891269260916188,3
0.189116380621325,0,0.000170861845568432,0,3.78813364502837e-06,0,0,0,0.000833899235453514,0.517017215564264,0.0241293294690829,4.98867580187398e-05,0.0225258383322369,0,0.0116292743613026,0.0337163406387115,0,0.0458559887782678,0,1.09472821514108,0.000662024426575399,0.0223367803108451,0,0.0393926442500036,0,0.184932311597482,0.000978768953547588,0.0484839048784774,0,0.863395880378382,3
0.158913325824527,0,0.000170510842338829,0,3.98404248188193e-06,0,0,0,0.000817894597718311,0.561045298291705,0.0372183716095732,5.04280854725921e-05,0.0390910853665846,0,0.0228543003802322,0.0349084794953207,0,0.0817279637852607,0,1.14601464132122,0.000587242624909326,0.0328947267481189,0,0.0628668538847303,0,0.206502754058906,0.000934266092636248,0.0439747523598484,0,0.847502246380175,3
0.158166477930557,0,0.000159118028672338,0,3.9556449419078e-06,0,0,0,0.000819348766111025,0.573831341959712,0.0214969982899453,4.96238010524901e-05,0.0226470104777856,0,0.0137712137734779,0.0348130264661575,0,0.0450007917282254,0,1.16951583427046,0.000562110179054509,0.0203941556271151,0,0.0360296038460699,0,0.207490873268312,0.00094649008622755,0.0439100794462348,0,0.899275392665128,3
0.160883175956998,0,0.000131762289870738,0,3.49053704624083e-06,0,0,0,0.000690096674414375,0.65478334936165,0.0343070546291688,4.68093265704292e-05,0.0364622674289139,0,0.0262391659373014,0.0281304903175435,0,0.0692493754038511,0,1.0755124817651,0.000609408671949791,0.0318646931945738,0,0.0648468251278848,0,0.19105000790135,0.000942301968277436,0.0418314894672628,0,0.962098809746402,3
0.162908092361369,0,0.00012443386949843,0,3.70019700153326e-06,0,0,0,0.000675037402858616,0.651160388234233,0.0213245992870105,4.63013616776741e-05,0.0223899499528895,0,0.0164958096612863,0.0268139637601583,0,0.0418174899984006,0,1.03111137746062,0.000608773969732181,0.020449733692538,0,0.0390299778841165,0,0.192616249532143,0.000954470062178804,0.0409212836889367,0,0.979964537659314,3
0.173968178446866,0,0.000106113397119858,0,3.6383995777228e-06,0,0,0,0.000684665408565391,0.651199540559543,0.0366699583266472,5.09989868427291e-05,0.0371604331990427,0,0.0263290376944006,0.025534387693226,0,0.0751331619709675,0,1.09722234239208,0.000555992480850552,0.0348708026273432,0,0.0642244046767111,0,0.171253556434316,0.000973702988966513,0.039424110417786,0,1.07201298288261,3
0.171232909239057,0,0.000102122519994232,0,3.45668800071617e-06,0,0,0,0.000702235267813187,0.658754398368274,0.0231108809399573,4.97304659433826e-05,0.024405249819312,0,0.0164033993680591,0.0236497994396999,0,0.0458737886388076,0,1.06887016437625,0.000541936227976628,0.0211598477056859,0,0.0387521056376865,0,0.163529212950587,0.000940549891315454,0.0385815560518025,0,1.07770786532569,3
0.174022265898143,0,9.63931929134674e-05,0,3.02115392598637e-06,0,0,0,0.000743407890807512,0.711326230213722,0.0426526130600157,5.405246453904e-05,0.0370213463928681,0,0.0323712219959025,0.0228983982241224,0,0.0703950777624139,0,1.13722514991879,0.000558583376350996,0.0353210532144713,0,0.0684689352660704,0,0.150350123107744,0.000866270784431036,0.0369863963998979,0,1.15865158621615,3
0.171645291784558,0,9.22953649375228e-05,0,2.96086539331664e-06,0,0,0,0.000724042360252237,0.706259205435548,0.0244560530791694,5.43838968192551e-05,0.0228246610718905,0,0.0187450237298885,0.0221136387807277,0,0.0406231997613097,0,1.11872150890072,0.00056844756397005,0.0216697006383921,0,0.0403205930357083,0,0.150139769682003,0.000893207562093752,0.0371834092181411,0,1.20016786020984,3
0.185882451146426,0,7.96765407876194e-05,0,2.68076198510479e-06,0,0,0,0.000618385068513491,0.720061174920752,0.0402430115095236,5.95361360305139e-05,0.03498743692378,0,0.033084803190068,0.0220761442280613,0,0.0671585857418484,0,0.99302429454178,0.000551667041547204,0.0361514147003646,0,0.0640572584194544,0,0.143048855547777,0.000941532651409047,0.0366930529105824,0,1.25760919546298,3
0.179907490919799,0,7.82289618588546e-05,0,2.58730871618945e-06,0,0,0,0.000604414287872966,0.729569508384573,0.0256288011978273,5.81889745625814e-05,0.0230916046754063,0,0.0206145181077858,0.0220418445329814,0,0.042064453957396,0,0.976948545976676,0.000584509355031018,0.0235001047141754,0,0.0417129371171957,0,0.132456815748303,0.00093929573406087,0.0348023365355964,0,1.24357174088435,3
0.178145985926099,0,7.46368708538355e-05,0,2.616908576029e-06,0,0,0,0.000594076132215242,0.797447014882138,0.0476990645884245,6.2833807457776e-05,0.0458856280555071,0,0.0402330205125884,0.0205058436846758,0,0.0739438970831601,0,0.945176108806471,0.000514312425588751,0.0406724510890492,0,0.0794019698301789,0,0.132512361500952,0.000945183729306227,0.0400667237112273,0,1.25666475982786,3
0.182547155233327,0,7.00692623909552e-05,0,2.51770652404712e-06,0,0,0,0.000588997055763106,0.831195310806088,0.028884359099182,6.07409855563233e-05,0.0286844649400956,0,0.0240163310840055,0.0210720170971669,0,0.0458708430382993,0,1.00029739321836,0.000525948447152045,0.0256135629666267,0,0.0467964630010342,0,0.127708245166411,0.000927580550409328,0.0401050542599438,0,1.18282063799012,3
0.17576938339705,0,6.78721619410418e-05,0,2.50129476657978e-06,0,0,0,0.000605411609448574,0.933577980833358,0.0492531830504876,6.03354709843235e-05,0.0466419866905088,0,0.0401552161453586,0.0211231414780437,0,0.0824539055545214,0,1.01016927896596,0.00055661306623942,0.0432117176816758,0,0.082100800940609,0,0.123492959643688,0.000958504047777885,0.0445101910131179,0,1.24475884351211,3
0.176996084272346,0,6.09303653858774e-05,0,2.37885798381936e-06,0,0,0,0.000611220903791651,0.93275572190731,0.030736356159933,6.0263682816566e-05,0.0270843004937922,0,0.0235554873188324,0.0200816363086077,0,0.0505785801073992,0,1.06541127292592,0.000553585432139793,0.0254912102713353,0,0.0498210169522334,0,0.128448721897754,0.00092693936902935,0.0440511336587863,0,1.23362367908998,3
0.187906396392069,0,5.89401657673604e-05,0,2.30146459337719e-06,0,0,0,0.000697863601970549,0.931580887458761,0.0489067300345624,6.20041560597097e-05,0.0410566335924014,0,0.0342603224247525,0.0194231739066631,0,0.0835747844058697,0,1.05754950495401,0.000553516512199993,0.0375437096378046,0,0.0846178220401162,0,0.122846588915033,0.000907550823270233,0.0477006540114755,0,1.2068955550982,3
0.182857196492211,0,5.66579523694976e-05,0,2.33861192608535e-06,0,0,0,0.00068975911453665,0.90782658072347,0.0283265379269089,6.10654538676167e-05,0.0240633748102661,0,0.0210219678008955,0.0194094385032178,0,0.048248248411231,0,1.08856433717031,0.000575573777863714,0.0221667748475443,0,0.0477333000604368,0,0.119130999345748,0.00089336045298111,0.0477808542120277,0,1.2090344362642,3
0.176023494202537,0,6.00439332481654e-05,0,2.3924147716784e-06,0,0,0,0.000730153486249423,0.95037877108369,0.0491291617969212,6.0778182110745e-05,0.0374402393342387,0,0.0305129932387398,0.0227838684248612,0,0.0797488396575712,0,1.13677976729348,0.000544587650623055,0.033673893897181,0,0.0811687746048187,0,0.122303888109719,0.0008352689348784,0.0482091440931517,0,1.33329111337045,3
0.172591754573091,0,5.46898695353076e-05,0,2.2960255890038e-06,0,0,0,0.000732861803444062,0.943486416262427,0.0270424269105054,5.86631969130677e-05,0.0222813078532865,0,0.0185830621057431,0.0220040669040049,0,0.0432976964140639,0,1.15437073113095,0.000534750223145567,0.0201657470606916,0,0.0465156691853824,0,0.125079277460201,0.000824261470635961,0.0487191626647864,0,1.32475222470452,3
0.166199018579914,0,4.68638321611197e-05,0,2.42329793078617e-06,0,0,0,0.000767554841346118,0.921099619320837,0.0439541932481113,5.90951057412473e-05,0.0320306856387399,0,0.0293112360867796,0.0205484149856988,0,0.0692650847101678,0,1.26841788145287,0.000587444645748103,0.0288259380888367,0,0.0814143976859377,0,0.1179177455663,0.000857098046158128,0.0502613901441467,0,1.32638543740778,3
0.163135277317289,0,4.29677132433808e-05,0,2.43798237898357e-06,0,0,0,0.000775310528125027,0.929391377669648,0.0227132329362514,5.70605875703037e-05,0.0186063016807455,0,0.0170056449867229,0.0197322761013011,0,0.0365499002026845,0,1.29230293616188,0.00059079859455844,0.0160642401785595,0,0.0429924823835692,0,0.115752752091945,0.000856380558120825,0.0470615162762509,0,1.3321763648406,3
0.164172516007429,0,4.22014917168914e-05,0,2.04850269723951e-06,0,0,0,0.000640047110513455,0.898106392520817,0.0344529163595736,6.15658079493966e-05,0.0275221101579708,0,0.0269204403516096,0.0194230428845818,0,0.0551937070823571,0,1.20940157420581,0.000573837274014464,0.0320190236797142,0,0.057636705111297,0,0.123451495208722,0.000861859383867956,0.0448013452136487,0,1.45551248681998,3
0.170814906691277,0,4.02296113141544e-05,0,2.00945530560872e-06,0,0,0,0.000633302474285129,0.885407456415538,0.0203065114422585,6.16171450601405e-05,0.0165823588523221,0,0.016562411905876,0.0193128563955478,0,0.0329618431061309,0,1.14595934193278,0.000568151730884139,0.019040759711196,0,0.0341947041931561,0,0.12161327443181,0.000847123190905574,0.0427272459678715,0,1.40252872047306,3
0.161172519011666,0,3.74838879040284e-05,0,2.27984029298291e-06,0,0,0,0.000616875320755295,0.913927920510817,0.0354212185178299,6.21998118834555e-05,0.02908314022863,0,0.0280161531826033,0.0181368064556974,0,0.0579207451776062,0,1.06453293819604,0.000511431505541794,0.0331815820310237,0,0.0490000795441979,0,0.119053326968763,0.000800374890086479,0.0394379494889524,0,1.41747143354334,3
0.160029459665177,0,3.3682466494687e-05,0,2.17495394907236e-06,0,0,0,0.00059838370388708,0.922972975929485,0.02260377815292,6.19481628609063e-05,0.0187276030016379,0,0.017874519101706,0.0184540198420867,0,0.0375121046223384,0,1.0476060251038,0.00049216247804359,0.021365558049544,0,0.0309612363514503,0,0.116100734245476,0.000774514220242853,0.0365405272730775,0,1.3670221577125,3
0.172068869952607,0,3.52454058426919e-05,0,2.16646581829722e-06,0,0,0,0.000591332114120705,0.944560230008158,0.0396349555999256,5.70170114678482e-05,0.0363753594709966,0,0.030785320514434,0.0189228700334161,0,0.0672472428391221,0,0.941078731285883,0.000487511125526353,0.036874487487987,0,0.0633004076950647,0,0.116638704050567,0.000774434661815641,0.0395847296008242,0,1.30186776610954,3
0.165476452726321,0,3.15475616456917e-05,0,2.08038850448185e-06,0,0,0,0.000578579210915599,0.962138707520993,0.0260318423847675,5.39242035375076e-05,0.0240447921799484,0,0.0213019819229612,0.0189785298565253,0,0.0445873154115928,0,0.93286668783415,0.000485196654165177,0.0243252961573976,0,0.041522409039378,0,0.115421381754347,0.000756359442124764,0.0390928451571587,0,1.34768042774393,3
0.154801605828288,0,2.81254347233784e-05,0,1.89233833461241e-06,0,0,0,0.000597529013452381,0.913333344299718,0.0419084193475499,5.60357479534689e-05,0.0459565001158311,0,0.0345330265869279,0.0159968209994176,0,0.0792283976931909,0,0.982665605203864,0.000454200304846685,0.0440330232286921,0,0.0737920396124861,0,0.112963369938956,0.000825735957374005,0.0404417768093938,0,1.30999932489362,3
0.15508760256607,0,2.59384567322094e-05,0,1.79380464211817e-06,0,0,0,0.000592407727204574,0.921692959194666,0.0269370421682039,5.23778766051601e-05,0.0277141168356898,0,0.0218684008043862,0.0152603949064923,0,0.0478283905516375,0,0.998566764308099,0.000437468868775399,0.0269476253510773,0,0.0454359016072923,0,0.110249762592668,0.000817876773319143,0.0417191215617433,0,1.26541647347754,3
0.15169682024027,0,2.66980083580867e-05,0,1.75353708035232e-06,0,0,0,0.000575702913464731,0.952325178783845,0.0479578879563925,4.81963013231211e-05,0.0501054069590831,0,0.0368140195632266,0.0156733714016504,0,0.0699973083454794,0,0.884673415680352,0.00039853784022779,0.0541296374214858,0,0.0751135913959509,0,0.103061661781754,0.000880286533758095,0.0448000960227777,0,1.25501884823546,3
0.150021687326373,0,2.530964600296e-05,0,1.74424244317977e-06,0,0,0,0.00057013280342022,0.996279569821029,0.0299395679326951,4.77795860233163e-05,0.0315525115946421,0,0.0237561554510554,0.0150515194469264,0,0.0459052164430271,0,0.941123191008678,0.000430311174308706,0.033240699893084,0,0.0490545384067778,0,0.103936753650335,0.000914857275643326,0.0449873425508259,0,1.25576989226125,3
0.151586910150486,0,2.36226044604986e-05,0,1.59998064712828e-06,0,0,0,0.000596558376727521,0.914500447606405,0.049069574175424,4.37754867132639e-05,0.0532653101458001,0,0.0422428853838921,0.0155869154688418,0,0.0852571771095505,0,0.9849317105606,0.000417581108833656,0.0614463997102514,0,0.084636644677849,0,0.101812567239299,0.00102687817803729,0.0401012717616445,0,1.20281965537641,3
0.151292670467758,0,2.1881227974575e-05,0,1.60709361825083e-06,0,0,0,0.000567297619059104,1.00366314217402,0.0309928356629016,4.36491158735473e-05,0.0326363478326842,0,0.0261259864995431,0.0161082153348197,0,0.0513380900596883,0,1.00472981038794,0.000427858407775293,0.0356242295844233,0,0.0512304165802822,0,0.0971516980573158,0.000998565746350068,0.0407883957595338,0,1.21459091454006,3
0.145301519260387,0,2.26693265114195e-05,0,1.36613046515334e-06,0,0,0,0.000643586749272607,1.19544838827196,0.045499561128406,4.43642101098372e-05,0.0495501539926716,0,0.0457324184448801,0.0148449222603488,0,0.0811835750858778,0,1.05258979343865,0.000447491722308037,0.0566348819940693,0,0.0777643308740933,0,0.0914678936064923,0.000953842277786019,0.0438643455468282,0,1.2773982874095,3
0.144644870363044,0,2.09265809234021e-05,0,1.35121371145322e-06,0,0,0,0.000650284815147157,1.25046895443555,0.0263011630428028,4.17631621513185e-05,0.0289711803200152,0,0.0271385241876729,0.0140710767920744,0,0.0464441953092767,0,1.09681728801639,0.000456598915317393,0.0321210352493925,0,0.0454273482761805,0,0.0919041163160361,0.000948904570506088,0.0447297963890059,0,1.18588483942605,3
0.144246571527933,0,1.98708029442409e-05,0,1.32181726760388e-06,0,0,0,0.000633708388108287,1.18078228661807,0.0401452343563911,4.3383145316607e-05,0.0410366583003068,0,0.0437173988245512,0.0157928673057168,0,0.0637025126328593,0,1.13681671598143,0.000480714989269702,0.0433659311066137,0,0.06857787249238,0,0.0937385814807963,0.00102675565630347,0.0430713607300944,0,1.19622837804424,3
0.141846563838568,0,1.87489606798654e-05,0,1.31162178924643e-06,0,0,0,0.000627636147309232,1.17241401192968,0.0236352550032409,4.11464915288524e-05,0.02424661507287,0,0.0242947404244667,0.0156393697896339,0,0.0367190922179812,0,1.18534072225951,0.000483518872221373,0.0255773798966469,0,0.0385424693670529,0,0.0933957935578723,0.00103007772113771,0.041425260458184,0,1.14641396729796,3
0.1411777360579,0,1.79728124819187e-05,0,1.19167479396292e-06,0,0,0,0.000593557354758227,1.00652688913451,0.0346702623797104,3.79097700679698e-05,0.0346819069829058,0,0.0411007401954082,0.014026024355028,0,0.0501710224880411,0,1.28809128062238,0.000469931347712697,0.0399954053452671,0,0.0558116633309942,0,0.0912734016563505,0.00103057647619812,0.0429879203014772,0,1.12489695130777,3
0.136152479127665,0,1.65155130300336e-05,0,1.13575638134827e-06,0,0,0,0.000586514126622347,1.06199458973842,0.0196264402938477,3.78261353300171e-05,0.0193820957438334,0,0.0228244317710749,0.0143326085427106,0,0.0277064542150671,0,1.27893324792687,0.00045511821976872,0.0228113870942247,0,0.0304547794200564,0,0.0937844684590742,0.000998316197181044,0.04252224487328,0,1.06195919894961,3
0.113437983250673,0,1.56714051262434e-05,0,1.09315868549681e-06,0,0,0,0.000574113350466608,1.06715221382724,0.0290631257999902,3.29031566350751e-05,0.0363256429695541,0,0.0353959595684819,0.0156424880864503,0,0.0453058457275745,0,1.19978681872687,0.000436103421279162,0.0350040278812056,0,0.0509151274014598,0,0.0990726768146412,0.000944500638025519,0.0408199744242512,0,0.987646698017365,3
0.115264244532865,0,1.49550388623515e-05,0,1.08179617219648e-06,0,0,0,0.000570601778660572,1.09588614516973,0.0171794690105571,3.31488934107328e-05,0.0219933054623905,0,0.0209703317246332,0.0156870404612045,0,0.027195053678101,0,1.21155626092771,0.000418542636353535,0.0207179227100723,0,0.0293593687579423,0,0.101743929912552,0.000902194039604862,0.0393605899258662,0,0.977895677776429,3
0.113791674161232,0,1.40540043502578e-05,0,1.15645928557697e-06,0,0,0,0.000524704969657548,1.02127077903245,0.0308225887130603,3.29429592316964e-05,0.0386926314416762,0,0.0324974756373974,0.0179009926364704,0,0.0489000645220625,0,1.22780524822517,0.000381663793857435,0.0372750289460478,0,0.0432321257995639,0,0.0933931760715578,0.000965703410236898,0.0382578236080111,0,1.05466554731083,3
0.111630008986597,0,1.33657863386627e-05,0,1.0759024021997e-06,0,0,0,0.000511737849195629,1.09447090326446,0.0187371274390238,3.14527752946887e-05,0.0220226097435371,0,0.0186310329325546,0.0183267043841736,0,0.0289477944294015,0,1.25026823295982,0.000388654165241902,0.0210167179816418,0,0.02596439593691,0,0.0906749649364458,0.00093427216683507,0.0368599195885312,0,1.02671258785799,3
0.108031180511342,0,1.21729660193299e-05,0,1.0188156528716e-06,0,0,0,0.00045200241960632,0.937618420826042,0.0296490098898335,3.22530690811992e-05,0.035423434485279,0,0.031211492148948,0.016420065125703,0,0.0493551255274314,0,1.25932902894334,0.000347385066373861,0.0291822072505905,0,0.0427623423923536,0,0.0993375123476619,0.000805535527721324,0.0364325317885848,0,1.06379342135904,3
0.10536310318829,0,1.13241838926385e-05,0,0,0,0,0,0.000440867446823834,0.962868418406234,0.01785660398946,3.14284619100189e-05,0.0204484285070085,0,0.0181804177689924,0.0158848917875527,0,0.0284852961364486,0,1.24208428025174,0.000324300487827651,0.0173877260447365,0,0.0266449434557723,0,0.0953115847107837,0.000807940467324929,0.0344937319425941,0,1.05110235248733,3
0.11236640784641,0,1.14945291521116e-05,0,0,0,0,0,0.000462788757247799,0.910913293015119,0.0310391439431934,3.21415186958692e-05,0.0349334160901175,0,0.0281984642756018,0.0152171532501167,0,0.0491511933098564,0,1.04683374294383,0.000354192062803181,0.0295657216384111,0,0.0500688195510304,0,0.0890001378683316,0.000839874323214585,0.034179959034748,0,1.13746409873664,3
0.1146725174411,0,1.07694112771486e-05,0,0,0,0,0,0.000465311941309042,0.917310254041933,0.0206892048972271,3.10280138492165e-05,0.0232020814755693,0,0.0194163896233655,0.0146158452346872,0,0.0328089648405973,0,1.01612212503318,0.000332792792892435,0.0212217507751553,0,0.0333068917360476,0,0.0867040429830418,0.000762550659934605,0.0337916172247956,0,1.0905588837156,3
0.0963887696624927,0,1.03410993885715e-05,0,0,0,0,0,0.000496069213634595,1.07897258650704,0.0417775585049608,3.1813871073779e-05,0.0398679130451102,0,0.0310619113813305,0.0138571170571782,0,0.0571218626767227,0,0.887167307315747,0.00033452782080625,0.0404993498136917,0,0.0617696480763966,0,0.0896434860325607,0.000725540650781309,0.0336072808130731,0,0.931483968451869,3
0.0959677172795736,0,1.00960503948137e-05,0,0,0,0,0,0.000492500190554392,1.06643096700407,0.0291508119024059,3.14096682227759e-05,0.0288580579358865,0,0.0224550243618731,0.0142771887590826,0,0.0412658518662746,0,0.881241160790215,0.000334138801577156,0.0285280488238091,0,0.0428932858642653,0,0.0887951416748892,0.000715820285652718,0.0330469782283534,0,0.906202375727904,3
0.0970831591346532,0,9.83213084313884e-06,0,0,0,0,0,0.000522985280490653,1.02982472830906,0.0490691647660725,3.23998296156713e-05,0.0552013778508162,0,0.0384438963920548,0.0136199023104465,0,0.0760436505189324,0,0.879909975377939,0.000365874230701457,0.0558584362513449,0,0.0782960147969065,0,0.0863347029418227,0.000669179935746943,0.0341902939883701,0,0.917600546359668,3
0.0974216714493312,0,8.87582113290801e-06,0,0,0,0,0,0.000507221373775484,1.07101938307488,0.031344425081127,3.28096429285339e-05,0.0349560103649117,0,0.0260758110763257,0.012989293402665,0,0.0513040751969752,0,0.908342532975854,0.000369782540404044,0.0368468905627625,0,0.0501310210972911,0,0.085316730281776,0.000649482727858757,0.034857754020517,0,0.916591245139969,3
0.103453391691763,0,8.06501512261907e-06,0,0,0,0,0,0.000482011388890765,0.970076713426884,0.0574956975925489,3.46104325219865e-05,0.0607872387073459,0,0.0432773530635815,0.0138389286844216,0,0.0830575936534212,0,0.953251984414771,0.000419219418457966,0.063772614759093,0,0.0870888399580014,0,0.0800566610135312,0.000626708010821681,0.0336282418740677,0,0.903701615239631,3
0.10801971119366,0,7.65034428408495e-06,0,0,0,0,0,0.000470894425891883,0.983485832006888,0.0362596987570864,3.32165516794925e-05,0.0376675769388257,0,0.0273058497127772,0.0131808944794469,0,0.0481609497769389,0,0.978015969553403,0.000436972907521742,0.0400403700166794,0,0.0513880388155516,0,0.0787625257233854,0.000608173480315156,0.0347312074370315,0,0.86166965143261,3
0.101564956885276,0,7.18491401710307e-06,0,0,0,0,0,0.000478478818522321,0.951833544890904,0.0590629565335792,3.13087836925559e-05,0.0530441422701005,0,0.0451718711841964,0.0134648543974244,0,0.0781817041920655,0,1.03923498685143,0.000440537086167101,0.0668046895140338,0,0.0857113198893181,0,0.0670104804594663,0.000605730147592704,0.0341033290951101,0,0.85887870185841,3
0.102959832239119,0,6.89470506391817e-06,0,0,0,0,0,0.000457647119291593,0.924930020399921,0.0350427507944598,3.06189289182056e-05,0.0321464653721173,0,0.0262978963575883,0.0131774528224065,0,0.0464774200362684,0,1.06311814245603,0.000455086208741775,0.0393509591768942,0,0.0491674515420241,0,0.0637035689014346,0.000595803206569854,0.0362701432425882,0,0.841884203131464,3
0.0951212252560898,0,7.09339010846478e-06,0,0,0,0,0,0.00044330218521026,0.980996034742978,0.0498414946653101,2.89247706156231e-05,0.0570996306884906,0,0.0393081300892027,0.0131221948352343,0,0.0765033581617644,0,1.10265037958607,0.000494780861419095,0.0629703232935729,0,0.083674191844454,0,0.0650814253071072,0.000581054426285582,0.0387740043389968,0,0.841742924087356,3
0.0923313449466922,0,6.57362377214684e-06,0,0,0,0,0,0.00044347443043075,1.02395216492719,0.0289111749210519,2.93395477053947e-05,0.031891411113564,0,0.0239722332765774,0.0131514405238295,0,0.0417921302487796,0,1.11026877274116,0.000505337295933422,0.0357834651133454,0,0.0466001780157574,0,0.0640119570846485,0.000563434730121379,0.0391601423477151,0,0.765837092470007,3
0.0892810270053759,0,6.36956280514689e-06,0,0,0,0,0,0.000518749360772535,0.925468666289427,0.047944048201938,3.04076188539889e-05,0.0464718990433999,0,0.0370046788551299,0.0135591277632258,0,0.0736164655886873,0,1.12709214281043,0.000508572848018082,0.0529377915841813,0,0.0752451616605352,0,0.0698873328570593,0.000591700523600679,0.0412150693152986,0,0.832452546680589,3
0.0908554450801474,0,5.7747719790485e-06,0,0,0,0,0,0.000542030016987138,0.918803917228583,0.0277691333682981,2.94609397551206e-05,0.0272380628876965,0,0.0215360289133643,0.0132330130173375,0,0.0420187902274049,0,1.1493309375214,0.000525688509434108,0.0301363028815168,0,0.0422317505357421,0,0.0707286792432779,0.000572876098332454,0.0421679491513226,0,0.860187499563417,3
0.090287307246845,0,5.4319089496198e-06,0,0,0,0,0,0.000520994071915732,0.886446900074072,0.0432027368151632,2.67463670596861e-05,0.0468457123761188,0,0.0362450195152387,0.0133177373248838,0,0.06390195110886,0,1.05941245205411,0.000562577458252926,0.0550751041242156,0,0.0679547038972824,0,0.0743987241226752,0.000557544330748055,0.0445956106228003,0,0.69238885230728,3
0.0881652342099638,0,5.03024595795712e-06,0,0,0,0,0,0.000533410685335506,0.923998411049271,0.0263378749467325,2.63366155363527e-05,0.0280085435667873,0,0.0222761271795205,0.0135491748459326,0,0.0373317195475237,0,1.11350213217844,0.000573294757932369,0.0314361231493529,0,0.04056239543702,0,0.072372309433975,0.000545969407059491,0.0452574028274594,0,0.707243933183895,3
0.0795690377200084,0,4.26714521083131e-06,0,0,0,0,0,0.000528652686790208,1.01947237050734,0.0455692954260806,2.82946308430536e-05,0.0515302467116818,0,0.0405679596592761,0.0132387152289071,0,0.0599616987097092,0,1.07077200740803,0.000593661510870795,0.0522161493125689,0,0.0660140390931522,0,0.0643930872239792,0.000523978320011641,0.0445911077195947,0,0.687417848890905,3
0.080239302176173,0,4.11992644988589e-06,0,0,0,0,0,0.000506914601113722,1.03737456179204,0.0269349601142725,2.80717355650422e-05,0.0323569912539506,0,0.0249541116842999,0.0130083834645223,0,0.0382257500949417,0,1.04490598217107,0.000590854354249007,0.0318962956407996,0,0.0410488941335934,0,0.0646613530056184,0.000532076691768037,0.0443970833931608,0,0.686849135839298,3
0.0706184371531751,0,3.83126076918998e-06,0,0,0,0,0,0.000478768658546471,1.0092082133927,0.0425708441043854,2.60292666988866e-05,0.0520927632669084,0,0.0399326352321231,0.0125575603218376,0,0.0620614606753824,0,1.01668207022795,0.00062584910543441,0.0533096732995732,0,0.0648481688017082,0,0.0584451446564425,0.000547507832883608,0.0478127244068856,0,0.675632910724569,3
0.0679045792711091,0,3.76625367411113e-06,0,0,0,0,0,0.000482666179789202,0.995249097306078,0.0257519663485156,2.52073306213179e-05,0.0323614760206995,0,0.0254853225927412,0.0122554621813434,0,0.037989416333082,0,0.981676370829582,0.000618106622343648,0.0317500640503284,0,0.0414674649618951,0,0.0553610165177351,0.000551300106487054,0.0485348167774356,0,0.638811637952815,3
0.0667887477325525,0,3.12712501653526e-06,0,0,0,0,0,0.000524272009392148,1.07821771701096,0.0431975375265716,2.67138204034372e-05,0.0489990781987086,0,0.0393555283808155,0.012667077002363,0,0.0564735708206771,0,1.11986854282226,0.000664215835705459,0.0517968877732123,0,0.0696717801510686,0,0.0508589524796521,0.000517303126316133,0.0476397210405181,0,0.697599078790971,3
0.0642538440046478,0,2.99485174948823e-06,0,0,0,0,0,0.000518654971553383,1.08047655323088,0.0255822736728153,2.7020327183538e-05,0.0289826297181978,0,0.0235986906253773,0.0129205599280883,0,0.0320435595923136,0,1.13585158716602,0.000646267139654432,0.0299524465429031,0,0.0394147978684761,0,0.0512552163962417,0.000514345094319939,0.0517075685209221,0,0.6961973756825,3
0.0594482912894423,0,2.7555253092136e-06,0,0,0,0,0,0.000498119966285093,1.03689317560999,0.0405135680083155,2.49715736708815e-05,0.0453080251854641,0,0.0381476768705113,0.0130364244947333,0,0.0546966061585379,0,1.18872641329898,0.00065367887615627,0.0419674691948628,0,0.0599270750855769,0,0.0536880098919272,0.000454872075871487,0.0574026773503652,0,0.763734504211886,3
0.0593121097430943,0,2.61024321852147e-06,0,0,0,0,0,0.000503498035169834,1.03416904790267,0.023254298501871,2.45754075737588e-05,0.0262980662845252,0,0.0233997399872003,0.0129286848347991,0,0.0313580750254678,0,1.17702226065556,0.000627646549057427,0.0241501948582812,0,0.0333141305851031,0,0.0558616258582947,0.000443526255990936,0.0573385584132126,0,0.75169327058793,3
0.0536396618046501,0,2.47226127137867e-06,0,0,0,0,0,0.000484714532681016,1.08590261714404,0.0343397104012126,2.73413652825735e-05,0.0417076136052536,0,0.037084912670542,0.0133750587100991,0,0.0496537343503153,0,1.19948518192368,0.000670527728694386,0.036650812686792,0,0.053676335051842,0,0.0589050758232173,0.000408240970435115,0.0586564546344932,0,0.736870942816836,3
0.0534797527170305,0,2.31049747397501e-06,0,0,0,0,0,0.000475755501857172,1.05480732392959,0.0203435839358814,2.71849729516813e-05,0.0243792313433267,0,0.0218503851838622,0.0131791630501773,0,0.0277227331643955,0,1.22328853024174,0.000656650847905828,0.0206181032246104,0,0.0308932473575497,0,0.0586264391303365,0.000398988708365242,0.0564503803951005,0,0.719070268840848,3
0.0532512541663836,0,2.04001345866805e-06,0,0,0,0,0,0.000429104050751336,1.05780589881435,0.0326442796397301,2.55054310453935e-05,0.044628614904548,0,0.0341425471316782,0.0136390473339522,0,0.0474291419117386,0,1.12034311571829,0.000646420456310925,0.0306784905211985,0,0.0545934623675104,0,0.0555311983625931,0.000402360969128616,0.0517632771140329,0,0.702885730793043,3
0.0544912816098238,0,1.91684610584691e-06,0,0,0,0,0,0.000424619354396473,1.07691566715067,0.0204255902934435,2.57479984381082e-05,0.0277056102246675,0,0.022168145968111,0.0130840124105758,0,0.028808980636205,0,1.12791306435613,0.000659857970423177,0.0204073068239386,0,0.0324351572444992,0,0.0551276352564773,0.000394277883740559,0.0500276284988912,0,0.696966746745595,3
0.0565894607517011,0,1.85906841033899e-06,0,0,0,0,0,0.000433943312326192,1.3296170697769,0.0287781668696715,2.60981159056376e-05,0.0460462625505528,0,0.0402742046065755,0.013814828243124,0,0.0516073218336851,0,1.12289036947117,0.000664891412136263,0.0350942453555198,0,0.0461724679569281,0,0.0581505083681795,0.000361345255628038,0.0508659556854364,0,0.75869708010621,3
0.054166875185955,0,1.84580311851719e-06,0,0,0,0,0,0.000457846470587678,1.4003771772388,0.0182600690732871,2.52703544970636e-05,0.02796111122937,0,0.0261435605733886,0.0140031771953193,0,0.0293466923768484,0,1.08393973710558,0.00065911468791421,0.0228652730071826,0,0.0287987642053012,0,0.0581629492722502,0.000358834500501379,0.0500402939168573,0,0.751530673466412,3
0.0526577861693173,0,1.66847958507459e-06,0,0,0,0,0,0.000427727161161085,1.2415005108009,0.0306900302152152,2.35819593322866e-05,0.0446584042183946,0,0.0411492153297102,0.0149996232006715,0,0.0514418587159333,0,1.04575197697548,0.000698850763461477,0.0390909138379724,0,0.0474677698196404,0,0.0604551532970947,0.000396564437611165,0.0466527996445771,0,0.726658206280781,3
0.0521902359595278,0,1.62285080083235e-06,0,0,0,0,0,0.000423523974208257,1.22824215816711,0.0198823430713377,2.29823151987097e-05,0.0282680386978321,0,0.0281330458734236,0.0151471132814586,0,0.0333453165368647,0,1.0179936101139,0.000697611687456726,0.0260848275411211,0,0.0309422901563801,0,0.0621021241440362,0.000395407703032201,0.0462872930344412,0,0.722667077907694,3
0.0510423537203646,0,1.50916063398545e-06,0,0,0,0,0,0.000391750455585717,1.15178473094171,0.036015803525738,2.37107485316599e-05,0.0504236966740387,0,0.0512422549550523,0.0143860259321348,0,0.0610533125649076,0,1.00089656405733,0.000644164676250503,0.0483997444252512,0,0.055633168952435,0,0.0694432035663556,0.000414225759451784,0.0506385987524847,0,0.834349419957929,3
0.0509634332712858,0,1.40305098807112e-06,0,0,0,0,0,0.000389786736613309,1.16850367914948,0.0241059931189908,2.26353482996935e-05,0.0327600453154456,0,0.0328834663679798,0.0144832769784372,0,0.0383874901041811,0,0.962698904670413,0.000651709959883499,0.0310066119470266,0,0.0359668619603103,0,0.0711433176608818,0.000407373712079361,0.0527092009490478,0,0.832291063231595,3
0.0461268371497074,0,1.51515905738504e-06,0,0,0,0,0,0.00036815209640991,1.28864081203412,0.0482719427693086,2.34110721223741e-05,0.0531660610630831,0,0.0605210281668397,0.0142299870011146,0,0.0636966672726054,0,1.0606489650139,0.000729728549714017,0.049133425640003,0,0.0593493723197907,0,0.0760547302872406,0.000381219124732352,0.0487666545591021,0,0.831611608277148,3
0.0460724616494829,0,1.43861299090814e-06,0,0,0,0,0,0.000354581285628251,1.36920704560679,0.0284575224330154,2.31506634848062e-05,0.0332844797821646,0,0.0363593247230696,0.0142063435529324,0,0.038711210649055,0,1.03706614250555,0.000702372739311107,0.0299509432116421,0,0.0372793864983512,0,0.0709945159659622,0.000374323334311543,0.0493203126807677,0,0.840414042177426,3
0.0489595026725394,0,1.38969401331569e-06,0,0,0,0,0,0.000302709044045509,1.49733317680183,0.0456392170528754,2.1363764836987e-05,0.0500242088848086,0,0.0533636529009883,0.0129677050541088,0,0.0699366501648863,0,1.12061154714893,0.000733106524722852,0.0439958557231552,0,0.0598329492587496,0,0.077041399183773,0.000410916501230832,0.0515312084456812,0,0.82423883267004,3
0.0478561462893562,0,1.30878712336698e-06,0,0,0,0,0,0.00030138478227024,1.52547868050942,0.0277187761608279,2.17374527151284e-05,0.0301554085907856,0,0.0315789538496638,0.0137723003426039,0,0.0398813005283825,0,1.10743263820622,0.000770691749944971,0.0273134928162547,0,0.0349207148628463,0,0.076683447082287,0.000397404718729122,0.0532820182178599,0,0.807311249135349,3
0.0531641838400034,0,1.36243935849722e-06,0,0,0,0,0,0.000263742255117858,1.59639290304604,0.04078159123109,1.88003330267195e-05,0.0465602951885898,0,0.0489976657030506,0.014145541323188,0,0.0585995202222109,0,1.28412768313072,0.000748029652455227,0.0385378533528185,0,0.0546090073496196,0,0.0826606248586472,0.000387963861984854,0.0577609315908883,0,0.742117110866325,3
0.0535049580849553,0,1.28117474245446e-06,0,0,0,0,0,0.000275541586228801,1.55447242579665,0.0226735120355661,1.78562243104003e-05,0.0247834194333686,0,0.0277691585124759,0.0147868579855005,0,0.0325474575311992,0,1.29388131131541,0.000764378737163634,0.0218912851941307,0,0.0296040154841812,0,0.0816231919521185,0.00037873010266498,0.0600725754922777,0,0.732376015829505,3
0.0486925165909374,0,1.15626224028687e-06,0,0,0,0,0,0.000266698467320767,1.58069305941989,0.0324663236496631,1.69756813833762e-05,0.0398549373456206,0,0.0394536267162212,0.0169978596083571,0,0.0531579752016204,0,1.44794123223076,0.000796948396716367,0.0302163384084317,0,0.0476016995781501,0,0.0747360212741204,0.000346865090670411,0.0575796406615257,0,0.771483965035721,3
0.0484407308152792,0,1.1337873410489e-06,0,0,0,0,0,0.000265209366983947,1.5816458325029,0.0176709850298636,1.66348364270911e-05,0.0208371468115824,0,0.0209607291123634,0.0171556506487246,0,0.0277256873067861,0,1.39376765435681,0.000736817049408447,0.0164947575007063,0,0.0241535025884713,0,0.0727323069866791,0.000346629689227074,0.059409891283667,0,0.78365850286976,3
0.0531218138308344,0,1.06017380749864e-06,0,0,0,0,0,0.000251287788100689,1.6308524665327,0.0282189099661688,1.37436141698155e-05,0.0296481288234819,0,0.0329129058066978,0.0171482606040897,0,0.0457239351263393,0,1.43020948372068,0.000766302722849094,0.0265857546003361,0,0.0301828278565805,0,0.0769508435535676,0.000300671386247405,0.0551534234849886,0,0.756753069302644,3
0.0541947284488896,0,1.03287301194621e-06,0,0,0,0,0,0.000254030937491217,1.59200028372222,0.0162291863050384,1.35424098780535e-05,0.0168283737430609,0,0.017878083200944,0.0169186090075128,0,0.0248571579009051,0,1.36777587490898,0.000748707330544522,0.0150686885392142,0,0.0172702219445525,0,0.0731401216124329,0.000303003627434605,0.0504882404535788,0,0.783119895022096,3
0.0479882514224023,0,0,0,0,0,0,0,0.000245036379650909,1.67623543124999,0.0250818654789705,1.29711128150873e-05,0.0251248968802857,0,0.0261629847934009,0.0172114820834069,0,0.0383110507748616,0,1.37941164616755,0.000749489753150699,0.0247907156914439,0,0.0272404010734362,0,0.0698336209994575,0.000300278265934849,0.0492718131774825,0,0.68256196160746,3
0.0467476836553776,0,0,0,0,0,0,0,0.000243300102750577,1.67958051381316,0.0155009840450145,1.31687984936062e-05,0.0158312161296923,0,0.015879215054942,0.0170228607662017,0,0.0219223750844958,0,1.35423533671722,0.000747522729914873,0.0146040311395393,0,0.0167676248190826,0,0.0675397102432935,0.000306166995956584,0.0470688083937088,0,0.675195904145988,3
